orig.ident,nCount_RNA,nFeature_RNA,scrublet_score,scrublet_call,ident,cxds_score,cxds_call,bcds_score,bcds_call,hybrid_score,hybrid_call,percent.mito,S.Score,G2M.Score,Phase,celltype_score,celltype,Tissue,Genotype,Age,Gender,ChemistryVer,Pipeline
EEM-scRNA-R07-1,3955,1110,0.033412888,FALSE,EEM-scRNA-R07-1,171843.4200625638,TRUE,0.02269281819462776,FALSE,0.3585780985575822,FALSE,3.059418457648546,-0.020665676,-0.013498883,G1,0.9999999999999996,AT2,Distal,NA,35,F,Single Cell 3' v2,CellRanger 2.1.0
EEM-scRNA-R15-2,3734,1305,0.01285347043701799,FALSE,EEM-scRNA-R15-2,361279.3396,FALSE,0.03438884019851684,FALSE,0.2808077149083563,FALSE,2.785216925549009,-0.002278322,-0.005144612,G1,1.0000000000000009,AT2,Distal,NA,76,F,Single Cell 3' v2,CellRanger 2.1.0
EEM-scRNA-062,18588,3889,0.14634146341463414,FALSE,EEM-scRNA-062,64305.01622227203,FALSE,0.02942191250622272,FALSE,0.15619936475208876,FALSE,2.636109317839466,-0.005417421,0.04740786,G2M,0.9999999999999998,AT2,Distal,NA,57,F,Single Cell 3' v3.1,STARsolo 2.7.8a_EmptyDrops_CR
EEM-scRNA-006,4287,2013,0.1981566820276498,FALSE,EEM-scRNA-006,187324.39714651732,TRUE,0.9363839626312256,TRUE,1.3883106885329344,TRUE,10.100303242360626,-0.030860875,-0.060030939,G1,0.9999999999999996,AT1,Distal,NA,25,M,Single Cell 3' v3.1,STARsolo 2.7.9a_EmptyDrops_CR
EEM-scRNA-062,15306,3570,0.2,FALSE,EEM-scRNA-062,32179.14475893538,FALSE,0.099478029,FALSE,0.16294385898245817,FALSE,3.580295309029139,-0.03041249,0.008389265,G2M,1,AT2,Distal,NA,57,F,Single Cell 3' v3.1,STARsolo 2.7.8a_EmptyDrops_CR
EEM-scRNA-R36,1740,742,0.2203389830508475,FALSE,EEM-scRNA-R36,99103.75989461722,FALSE,0.001601747,FALSE,0.15784373339543994,FALSE,7.068965517,-0.03413305,-0.063902423,G1,0.7871779725452892,AT2,Distal,NA,23,M,Single Cell 3' v2,CellRanger 3.0.0
EEM-scRNA-062,8184,2312,0.11441647597254004,FALSE,EEM-scRNA-062,359372.64379630797,TRUE,0.6324785351753235,FALSE,1.3418184876886303,TRUE,1.3685239491691104,0.052263952,-0.061215644,S,1.0000000000000004,AT2,Distal,NA,57,F,Single Cell 3' v3.1,STARsolo 2.7.8a_EmptyDrops_CR
EEM-scRNA-206,4433,1506,0.10486486486486486,FALSE,EEM-scRNA-206,58929.09582648785,TRUE,0.007421636,FALSE,0.6817769224410462,FALSE,6.316264380780511,-0.040111615,-0.016865459,G1,0.981624896,AT2,Distal,NA,39,M,Single Cell 3' v3.1,STARsolo 2.7.9a_EmptyDrops_CR
EEM-scRNA-R06-1,5685,1427,0.13368983957219252,FALSE,EEM-scRNA-R06-1,47.86717142678448,FALSE,0.369303435,FALSE,0.518703978,FALSE,5.153913808,-0.056610077,-0.043331005,G1,0.8152631340031175,Secretory,Distal,NA,52,M,Single Cell 3' v2,CellRanger 2.1.0
EEM-scRNA-R15-2,8383,2518,0.30172413793103425,FALSE,EEM-scRNA-R15-2,827438.7699975976,TRUE,0.4950355887413025,FALSE,1.059839640068664,TRUE,2.9822259334367174,-0.07422363,0.14270472261660197,G2M,0.7637400248699264,Ciliated,Distal,NA,76,F,Single Cell 3' v2,CellRanger 2.1.0
EEM-scRNA-005,6299,1972,0.05154639175257732,FALSE,EEM-scRNA-005,535945.3721,TRUE,0.015180885,FALSE,0.40233286943959584,FALSE,4.254643594221305,-0.013754472,0.02696395941637526,G2M,0.8398364004755401,AT2,Distal,NA,29,F,Single Cell 3' v3.1,STARsolo 2.7.9a_EmptyDrops_CR
EEM-scRNA-R15-1,3526,1087,0.02389705882352941,FALSE,EEM-scRNA-R15-1,436149.0902281459,FALSE,0.02748423442244529,FALSE,0.2320963361010653,FALSE,2.013613159387408,0.004395836,0.031853928,G2M,0.9774305766313044,AT2,Distal,NA,76,F,Single Cell 3' v2,CellRanger 2.1.0
EEM-scRNA-R15-2,3432,1062,0.020992366,FALSE,EEM-scRNA-R15-2,288939.1276804281,FALSE,0.01598625257611274,FALSE,0.21304341699728307,FALSE,2.3892773892773893,0.028721608,0.01508219283868634,S,1.0000000000000002,AT2,Distal,NA,76,F,Single Cell 3' v2,CellRanger 2.1.0
EEM-scRNA-005,2047,1025,0.09926169,FALSE,EEM-scRNA-005,288905.1280096963,FALSE,0.047300112,FALSE,0.2560220248499102,FALSE,19.93160723009282,-0.057680167,-0.030860367,G1,0.9972412319486942,AT1,Distal,NA,29,F,Single Cell 3' v3.1,STARsolo 2.7.9a_EmptyDrops_CR
EEM-scRNA-R36,1489,876,0.18864774624373956,FALSE,EEM-scRNA-R36,196841.68908968935,FALSE,0.031733118,FALSE,0.34209284272987217,FALSE,7.656145063801209,-0.003555452,-0.035944225,G1,0.8491610070669241,AT1,Distal,NA,23,M,Single Cell 3' v2,CellRanger 3.0.0
EEM-scRNA-067,4312,1585,0.069306931,FALSE,EEM-scRNA-067,79169.83634014809,FALSE,0.18800103664398193,FALSE,0.539441739,FALSE,14.37847866419295,0.009353599,0.06495757,G2M,0.43039458732441616,AT2,Distal,NA,68,F,Single Cell 3' v3.1,STARsolo 2.7.8a_EmptyDrops_CR
EEM-scRNA-R20-2,6041,1801,0.03716216216216216,FALSE,EEM-scRNA-R20-2,98044.97726157248,TRUE,0.068607643,FALSE,0.35491519554177553,FALSE,2.499586161231584,-0.007620764,-0.010466228,G1,1,AT2,Distal,NA,51,F,Single Cell 3' v2,CellRanger 2.1.0
EEM-scRNA-006,9628,2402,0.06222865412445731,FALSE,EEM-scRNA-006,106180.18782918144,FALSE,0.4815825819969177,FALSE,0.7373088910940782,FALSE,4.549231408392189,-0.043777248,-0.016882264,G1,1,AT2,Distal,NA,25,M,Single Cell 3' v3.1,STARsolo 2.7.9a_EmptyDrops_CR
EEM-scRNA-R06-2,3456,1093,0.050251256,FALSE,EEM-scRNA-R06-2,5.291842254008871,FALSE,0.007036849,FALSE,0.0253983248699591,FALSE,2.604166666666667,-0.049229478,-0.045669322,G1,0.7431548262706753,RAS,Distal,NA,52,M,Single Cell 3' v2,CellRanger 2.1.0
EEM-scRNA-R07-1,21456,4262,0.11744583808437858,FALSE,EEM-scRNA-R07-1,383764.5276021748,TRUE,0.44318071007728577,FALSE,1.1941167040236502,TRUE,2.5587248322147653,0.071769558,0.7467894185384147,G2M,0.7682372350761117,AT2,Distal,NA,35,F,Single Cell 3' v2,CellRanger 2.1.0
EEM-scRNA-062,30080,3403,0.099061522,FALSE,EEM-scRNA-062,55793.548988073984,FALSE,0.02205869928002357,FALSE,0.13204020690600007,FALSE,4.358377659574468,4.31517925752245e-4,-0.035060072,S,0.7485596512282431,Secretory,Distal,NA,57,F,Single Cell 3' v3.1,STARsolo 2.7.8a_EmptyDrops_CR
EEM-scRNA-206,6517,1921,0.10486486486486486,FALSE,EEM-scRNA-206,218.6269057867597,FALSE,0.02254586480557918,FALSE,0.02202390548357355,FALSE,6.2758938161730855,0.032503053,0.021250334,S,1,AT2,Distal,NA,39,M,Single Cell 3' v3.1,STARsolo 2.7.9a_EmptyDrops_CR
EEM-scRNA-R15-1,5943,861,0.060145406,FALSE,EEM-scRNA-R15-1,614411.8176,FALSE,0.003163244,FALSE,0.2913885340275971,FALSE,0.9254585226316676,-0.024894136,0.007598494,G2M,0.8643698904864103,Secretory,Distal,NA,76,F,Single Cell 3' v2,CellRanger 2.1.0
EEM-scRNA-062,17684,3779,0.075287865,FALSE,EEM-scRNA-062,62380.73286862575,FALSE,0.1216392144560814,FALSE,0.24469940456547903,FALSE,9.958154263741235,0.01157436691333081,-0.019110214,S,1,AT2,Distal,NA,57,F,Single Cell 3' v3.1,STARsolo 2.7.8a_EmptyDrops_CR
EEM-scRNA-206,6291,1911,0.13307984790874525,FALSE,EEM-scRNA-206,4996.907214883438,FALSE,0.040627107,FALSE,0.095284685,FALSE,6.660308377046574,-0.025314872,0.008156613,G2M,1.0000000000000002,AT2,Distal,NA,39,M,Single Cell 3' v3.1,STARsolo 2.7.9a_EmptyDrops_CR
EEM-scRNA-R20-1,6468,1841,0.052037618,FALSE,EEM-scRNA-R20-1,119743.0992406513,TRUE,0.063671984,FALSE,0.3442876582290789,FALSE,2.5510204081632653,6.580310209627072e-4,0.01427500570490562,G2M,0.9999999999999996,AT2,Distal,NA,51,F,Single Cell 3' v2,CellRanger 2.1.0
EEM-scRNA-R20-1,7074,2063,0.02384291725105189,FALSE,EEM-scRNA-R20-1,125826.5616740969,TRUE,0.20462964475154877,FALSE,0.499799535,FALSE,1.894260672886627,-0.035490323,-0.06332235,G1,0.9911998234847444,AT2,Distal,NA,51,F,Single Cell 3' v2,CellRanger 2.1.0
EEM-scRNA-R07-2,4989,2210,0.060869565,FALSE,EEM-scRNA-R07-2,4834.252980730714,FALSE,0.21860426664352417,FALSE,0.22824297104717783,FALSE,6.794948887552615,-0.079637653,-0.06469433,G1,0.9710834397285104,Ciliated,Distal,NA,35,F,Single Cell 3' v2,CellRanger 2.1.0
EEM-scRNA-R15-1,2606,929,0.03656597774244832,FALSE,EEM-scRNA-R15-1,359743.1219267076,FALSE,0.003782016,FALSE,0.17253343675475916,FALSE,3.4151957022256334,-0.024737882,0.01335692473248587,G2M,1,AT2,Distal,NA,76,F,Single Cell 3' v2,CellRanger 2.1.0
EEM-scRNA-R39-2,20511,1871,0.06744868,FALSE,EEM-scRNA-R39-2,15873.735989767853,FALSE,0.2235308140516281,FALSE,0.3522182087537194,FALSE,1.0433425966554533,0.008071709,-0.031454563,S,1.0000000000000002,Secretory,Distal,NA,70,F,Single Cell 3' v2,CellRanger 3.0.2
EEM-scRNA-206,10443,2788,0.086206897,FALSE,EEM-scRNA-206,6971.459525893484,FALSE,0.6259315609931946,TRUE,0.7109663171899469,FALSE,7.373360145552045,4.971871133592001e-4,0.015267022,G2M,1.0000000000000002,AT2,Distal,NA,39,M,Single Cell 3' v3.1,STARsolo 2.7.9a_EmptyDrops_CR
EEM-scRNA-005,3606,1581,0.057194461,FALSE,EEM-scRNA-005,361472.10311826447,FALSE,0.036843609,FALSE,0.2979761660395604,FALSE,16.999445368829726,-0.015554179,-0.020118947,G1,0.9910758643532124,AT2,Distal,NA,29,F,Single Cell 3' v3.1,STARsolo 2.7.9a_EmptyDrops_CR
EEM-scRNA-R39-1,6143,1709,0.048951049,FALSE,EEM-scRNA-R39-1,91381.27317313945,TRUE,0.006035364,FALSE,0.4708047874321444,FALSE,1.481360898583754,-0.043830627,0.02856174962790457,G2M,0.9999999999999998,AT2,Distal,NA,70,F,Single Cell 3' v2,CellRanger 3.0.2
EEM-scRNA-R15-1,6251,1843,0.082352941,FALSE,EEM-scRNA-R15-1,104705.47819174886,FALSE,0.019738356,FALSE,0.068853098,FALSE,2.287633979,0.016656128,-0.015826867,S,0.9973523635167258,AT2,Distal,NA,76,F,Single Cell 3' v2,CellRanger 2.1.0
EEM-scRNA-R07-2,6470,1425,0.023331525,FALSE,EEM-scRNA-R07-2,200156.22976457796,TRUE,0.13035951554775238,FALSE,0.5293588071412049,FALSE,2.2720247295208655,-0.047868912,-0.070157888,G1,1.0000000000000004,AT2,Distal,NA,35,F,Single Cell 3' v2,CellRanger 2.1.0
EEM-scRNA-005,26274,5084,0.068965517,FALSE,EEM-scRNA-005,788602.4160281151,TRUE,0.20416808128356936,FALSE,0.7743276453978037,FALSE,6.5463956763340185,0.0369570312401624,0.01466106014358779,S,0.5519423208572045,RAS,Distal,NA,29,F,Single Cell 3' v3.1,STARsolo 2.7.9a_EmptyDrops_CR
EEM-scRNA-079,16300,3795,0.03869969040247677,FALSE,EEM-scRNA-079,6.962282463483255,FALSE,0.5324414372444153,FALSE,0.5607739971010187,FALSE,5.036809816,-0.004306773,0.003415478,G2M,1,AT2,Distal,NA,42,M,Single Cell 3' v3.1,STARsolo 2.7.8a_EmptyDrops_CR
EEM-scRNA-R36,5846,1617,0.057075841,FALSE,EEM-scRNA-R36,162642.9021133067,FALSE,0.005401456,FALSE,0.2618294337478466,FALSE,1.0092370851864525,-0.005473678,-0.020865286,G1,0.902834627,AT2,Distal,NA,23,M,Single Cell 3' v2,CellRanger 3.0.0
EEM-scRNA-R39-1,7409,2103,0.03527815468113975,FALSE,EEM-scRNA-R39-1,85948.32648180366,TRUE,0.009536262,FALSE,0.4466471757230028,FALSE,1.268727223646916,-0.007677158,0.026529517,G2M,0.9999999999999996,AT2,Distal,NA,70,F,Single Cell 3' v2,CellRanger 3.0.2
EEM-scRNA-206,39929,3681,0.091089109,FALSE,EEM-scRNA-206,47276.473779148575,TRUE,0.5229247808456421,FALSE,1.0700517057824526,TRUE,2.246487515339728,-0.006357409,-0.016051068,G1,1,Secretory,Distal,NA,39,M,Single Cell 3' v3.1,STARsolo 2.7.9a_EmptyDrops_CR
EEM-scRNA-R15-2,4618,827,0.05655172413793102,FALSE,EEM-scRNA-R15-2,475646.5026315971,TRUE,0.01416870206594467,FALSE,0.338583495,FALSE,0.649631875,0.005249571,-0.001602197,S,0.5595856871014864,Secretory,Distal,NA,76,F,Single Cell 3' v2,CellRanger 2.1.0
EEM-scRNA-R15-1,4959,1337,0.028682547,FALSE,EEM-scRNA-R15-1,80344.56039092863,FALSE,0.001909731,FALSE,0.039583942,FALSE,4.859850776366203,-0.039534346,-0.048370186,G1,0.9916132169694056,AT2,Distal,NA,76,F,Single Cell 3' v2,CellRanger 2.1.0
EEM-scRNA-R20-2,2670,1056,0.044055522,FALSE,EEM-scRNA-R20-2,59278.59932437277,FALSE,0.027483329,FALSE,0.2005065182536923,FALSE,2.9962546816479403,0.00110215,-0.016533443,S,0.987898560273428,AT2,Distal,NA,51,F,Single Cell 3' v2,CellRanger 2.1.0
EEM-scRNA-006,3048,1673,0.037377803,FALSE,EEM-scRNA-006,62202.546393567565,FALSE,0.14146415889263153,FALSE,0.29039519871485375,FALSE,8.136482939632545,-0.036110721,-0.020460226,G1,1,AT1,Distal,NA,25,M,Single Cell 3' v3.1,STARsolo 2.7.9a_EmptyDrops_CR
EEM-scRNA-062,16284,3363,0.13730569948186527,FALSE,EEM-scRNA-062,129418.94656207472,FALSE,0.14064201712608335,FALSE,0.39595759163152816,FALSE,4.255711127487103,0.003738538,0.03059730105407748,G2M,1,AT2,Distal,NA,57,F,Single Cell 3' v3.1,STARsolo 2.7.8a_EmptyDrops_CR
EEM-scRNA-R36,8951,1977,0.04851556842867487,FALSE,EEM-scRNA-R36,200248.14805097185,FALSE,0.004535617,FALSE,0.32025696435099316,FALSE,1.5528991174170483,-0.016279008,-0.012872579,G1,0.9999999999999994,AT2,Distal,NA,23,M,Single Cell 3' v2,CellRanger 3.0.0
EEM-scRNA-R15-2,5971,814,0.04028436018957346,FALSE,EEM-scRNA-R15-2,490242.627160944,TRUE,0.0196472555398941,FALSE,0.3540233306299894,FALSE,0.6866521520683302,0.008420975,-0.003617225,S,0.8489182225187113,Secretory,Distal,NA,76,F,Single Cell 3' v2,CellRanger 2.1.0
EEM-scRNA-R07-2,5442,1404,0.060869565,FALSE,EEM-scRNA-R07-2,194133.42796274615,TRUE,0.06189087405800819,FALSE,0.4486618736493367,FALSE,1.8375597206909224,-0.045913903,0.061355878,G2M,1.0000000000000002,AT2,Distal,NA,35,F,Single Cell 3' v2,CellRanger 2.1.0
EEM-scRNA-005,13951,3015,0.2066115702479338,FALSE,EEM-scRNA-005,105952.93050821224,FALSE,0.01826870627701282,FALSE,0.094725538,FALSE,9.504695004,0.032117948,-0.003027475,S,0.959093355,Ciliated,Distal,NA,29,F,Single Cell 3' v3.1,STARsolo 2.7.9a_EmptyDrops_CR
EEM-scRNA-R39-1,20767,4058,0.23566878980891717,FALSE,EEM-scRNA-R39-1,52454.17351340838,FALSE,0.2628706395626068,FALSE,0.5298107818702051,FALSE,1.6949968700341889,0.029001607,0.006488223,S,0.982058617,Ciliated,Distal,NA,70,F,Single Cell 3' v2,CellRanger 3.0.2
EEM-scRNA-206,7774,2520,0.12903225806451613,FALSE,EEM-scRNA-206,15260.259036305544,FALSE,0.32089850306510925,FALSE,0.49724224405491146,FALSE,5.479804476459995,-0.03263224,0.043167922,G2M,1.0000000000000004,AT2,Distal,NA,39,M,Single Cell 3' v3.1,STARsolo 2.7.9a_EmptyDrops_CR
EEM-scRNA-R39-2,16631,4259,0.1702127659574468,FALSE,EEM-scRNA-R39-2,49364.270589442574,TRUE,0.8434001207351685,TRUE,1.2457730973744678,TRUE,5.682159822019121,-0.056162223,0.022042455867305,G2M,0.9284526468545984,Ciliated,Distal,NA,70,F,Single Cell 3' v2,CellRanger 3.0.2
EEM-scRNA-R15-2,1906,816,0.036446469,FALSE,EEM-scRNA-R15-2,228700.5284672348,FALSE,4.4064762187190354e-4,FALSE,0.15639350493012477,FALSE,2.8331584470094437,0.01789207,0.034873751,G2M,0.9999999999999996,AT2,Distal,NA,76,F,Single Cell 3' v2,CellRanger 2.1.0
EEM-scRNA-R07-2,1621,1030,0.033557047,FALSE,EEM-scRNA-R07-2,1528.0234474196209,FALSE,0.005531318,FALSE,0.007909388,FALSE,9.376927822331895,-0.043204876,-0.048099638,G1,0.970184169176408,Ciliated,Distal,NA,35,F,Single Cell 3' v2,CellRanger 2.1.0
EEM-scRNA-206,6365,2145,0.16157205240174669,FALSE,EEM-scRNA-206,5762.972841831386,FALSE,0.050478663,FALSE,0.11407390608376712,FALSE,6.865671641791045,-0.005010413,-0.016971423,G1,1,AT2,Distal,NA,39,M,Single Cell 3' v3.1,STARsolo 2.7.9a_EmptyDrops_CR
EEM-scRNA-R05-2,3177,1263,0.060126582,FALSE,EEM-scRNA-R05-2,16282.61403217368,FALSE,0.1291579306125641,FALSE,0.18106954773452327,FALSE,2.83286119,-0.037223871,0.033950507,G2M,0.9999999999999998,AT2,Distal,NA,69,M,Single Cell 3' v2,CellRanger 2.1.0
EEM-scRNA-006,2108,1082,0.020350213,FALSE,EEM-scRNA-006,71278.07449982152,FALSE,0.005749238,FALSE,0.17570606748697928,FALSE,14.231499051233396,-0.035287739,-0.027779006,G1,0.9999999999999996,AT1,Distal,NA,25,M,Single Cell 3' v3.1,STARsolo 2.7.9a_EmptyDrops_CR
EEM-scRNA-R36,2199,760,0.049853372,FALSE,EEM-scRNA-R36,251292.3825190625,FALSE,0.1537695825099945,FALSE,0.5500263746479102,FALSE,4.229195088676671,0.045877078,-0.018013236,S,0.7207832230518708,RAS,Distal,NA,23,M,Single Cell 3' v2,CellRanger 3.0.0
EEM-scRNA-R15-1,1709,915,0.092436975,FALSE,EEM-scRNA-R15-1,542471.2602056364,FALSE,0.05297227576375007,FALSE,0.30748102513703657,FALSE,8.835576360444705,-0.009476536,-0.054924935,G1,0.9231561455082904,AT1,Distal,NA,76,F,Single Cell 3' v2,CellRanger 2.1.0
EEM-scRNA-R07-2,7895,1923,0.034525277,FALSE,EEM-scRNA-R07-2,239044.4833647003,TRUE,0.028317818,FALSE,0.5045743702431904,FALSE,1.4566181127295756,0.1530470613679809,0.03215234070616332,S,1,AT2,Distal,NA,35,F,Single Cell 3' v2,CellRanger 2.1.0
EEM-scRNA-R06-1,2949,1684,0.02389705882352941,FALSE,EEM-scRNA-R06-1,29.707943463826904,FALSE,0.083791018,FALSE,0.17577773464152024,FALSE,3.0857917938284163,-0.038091517,-0.017541351,G1,0.8121955786038998,Ciliated,Distal,NA,52,M,Single Cell 3' v2,CellRanger 2.1.0
EEM-scRNA-206,7343,2317,0.093655589,FALSE,EEM-scRNA-206,12160.459847620832,FALSE,0.2333785742521286,FALSE,0.3729322959722867,FALSE,6.0738117935448726,0.058119346,-0.005728933,S,1.0000000000000002,AT2,Distal,NA,39,M,Single Cell 3' v3.1,STARsolo 2.7.9a_EmptyDrops_CR
EEM-scRNA-R39-2,4090,1135,0.042253521,FALSE,EEM-scRNA-R39-2,33787.16202870599,FALSE,0.071811721,FALSE,0.3455419342022921,FALSE,2.444987775061125,-0.049268138,-0.050951796,G1,0.9224732832472436,AT2,Distal,NA,70,F,Single Cell 3' v2,CellRanger 3.0.2
EEM-scRNA-R20-2,11346,2844,0.052015605,FALSE,EEM-scRNA-R20-2,149716.63077378305,TRUE,0.4424459040164947,FALSE,0.88004039,TRUE,2.1593513132381457,0.3214821551086118,0.038509617,S,1,AT2,Distal,NA,51,F,Single Cell 3' v2,CellRanger 2.1.0
EEM-scRNA-R15-2,3791,753,0.050162866,FALSE,EEM-scRNA-R15-2,373578.3644377242,FALSE,0.003674116,FALSE,0.2584557173272217,FALSE,1.0023740437879187,-0.017236256,-0.00115814,G1,0.8649454981251399,Secretory,Distal,NA,76,F,Single Cell 3' v2,CellRanger 2.1.0
EEM-scRNA-005,8613,2522,0.16923076923076918,FALSE,EEM-scRNA-005,82521.07980986888,FALSE,0.03148538246750831,FALSE,0.091041931,FALSE,15.453384418901662,-0.050463513,0.05498674028260952,G2M,0.955798167,Ciliated,Distal,NA,29,F,Single Cell 3' v3.1,STARsolo 2.7.9a_EmptyDrops_CR
EEM-scRNA-005,7168,2748,0.009584665,FALSE,EEM-scRNA-005,92988.37739049533,FALSE,0.01197320315986871,FALSE,0.079047379,FALSE,8.663504464285714,-0.041808973,-0.005221139,G1,1,AT1,Distal,NA,29,F,Single Cell 3' v3.1,STARsolo 2.7.9a_EmptyDrops_CR
EEM-scRNA-R39-2,2875,1121,0.1455696202531645,FALSE,EEM-scRNA-R39-2,6125.695570430012,FALSE,0.078574203,FALSE,0.12769913798581065,FALSE,8.347826086956523,-0.055458337,-0.053752084,G1,0.7779993768638642,RAS,Distal,NA,70,F,Single Cell 3' v2,CellRanger 3.0.2
EEM-scRNA-R39-1,8228,2122,0.05822784810126581,FALSE,EEM-scRNA-R39-1,105679.35305131738,TRUE,0.096030369,FALSE,0.6337369920216793,FALSE,1.3490520175012153,-0.003840041,-0.060290694,G1,1,AT2,Distal,NA,70,F,Single Cell 3' v2,CellRanger 3.0.2
EEM-scRNA-R06-2,4873,2207,0.02654867256637168,FALSE,EEM-scRNA-R06-2,24.58739106204563,FALSE,0.081624068,FALSE,0.16761096209855486,FALSE,3.324440796224092,-0.09518487,-0.011391863,G1,0.7295853580898444,Ciliated,Distal,NA,52,M,Single Cell 3' v2,CellRanger 2.1.0
EEM-scRNA-R20-1,4811,1465,0.02871287128712871,FALSE,EEM-scRNA-R20-1,87533.56551508661,FALSE,0.01694358512759208,FALSE,0.22195419614418943,FALSE,3.5127832051548533,-0.044791976,-0.018119388,G1,0.9417287929509964,AT2,Distal,NA,51,F,Single Cell 3' v2,CellRanger 2.1.0
EEM-scRNA-R07-2,6017,1456,0.06249999999999998,FALSE,EEM-scRNA-R07-2,174103.9533473525,TRUE,0.12723049521446228,FALSE,0.4742498940797421,FALSE,1.4957620076450058,-0.004693189,0.01536712084989698,G2M,0.9999999999999996,AT2,Distal,NA,35,F,Single Cell 3' v2,CellRanger 2.1.0
EEM-scRNA-067,8426,2057,0.091849935,FALSE,EEM-scRNA-067,35963.01572391292,FALSE,0.11908359080553056,FALSE,0.27872494717664414,FALSE,5.340612390220746,-0.040383614,-0.001621111,G1,0.7550963291177938,AT2,Distal,NA,68,F,Single Cell 3' v3.1,STARsolo 2.7.8a_EmptyDrops_CR
EEM-scRNA-R15-2,2778,1013,0.03039999999999999,FALSE,EEM-scRNA-R15-2,234744.5119172237,FALSE,0.004231174,FALSE,0.16431014249027515,FALSE,2.699784017278618,-0.035838481,0.01191874655512037,G2M,0.9999999999999994,AT2,Distal,NA,76,F,Single Cell 3' v2,CellRanger 2.1.0
EEM-scRNA-R07-1,6594,1924,0.2384615384615384,FALSE,EEM-scRNA-R07-1,257466.8663753298,TRUE,0.22396652400493625,FALSE,0.7275911182140131,FALSE,4.276615104640583,-0.031229087,-0.047819229,G1,0.9604767791184062,AT2,Distal,NA,35,F,Single Cell 3' v2,CellRanger 2.1.0
EEM-scRNA-006,2578,1442,0.04553961322520274,FALSE,EEM-scRNA-006,163641.15208747704,TRUE,0.10116562247276306,FALSE,0.4923713370578151,FALSE,12.87820015515904,-0.069004912,-0.066998032,G1,1,AT1,Distal,NA,25,M,Single Cell 3' v3.1,STARsolo 2.7.9a_EmptyDrops_CR
EEM-scRNA-005,5502,1836,0.053738318,FALSE,EEM-scRNA-005,363546.54390643496,FALSE,0.30600059032440186,FALSE,0.5692638060247853,FALSE,17.520901490367137,0.018649759,-0.050537455,S,1,AT2,Distal,NA,29,F,Single Cell 3' v3.1,STARsolo 2.7.9a_EmptyDrops_CR
EEM-scRNA-073,18104,3794,0.081632653,FALSE,EEM-scRNA-073,2.699879357780749,FALSE,0.096988045,FALSE,0.096800445,FALSE,9.025629695095008,-0.028204323,-0.055733808,G1,0.4265617951134631,RAS,Distal,NA,59,F,Single Cell 3' v3.1,STARsolo 2.7.9a_EmptyDrops_CR
EEM-scRNA-080,1578,994,0.12052117263843648,FALSE,EEM-scRNA-080,6.227814588791828e-25,FALSE,0.001247237,FALSE,6.263982660983731e-4,FALSE,0.3168567807351077,-0.013353735,0.01842965007764098,G2M,0.6386447231885434,Ciliated,Distal,NA,42,M,Single Cell 3' v3.1,STARsolo 2.7.9a_EmptyDrops_CR
EEM-scRNA-R06-1,1874,872,0.01790281329923273,FALSE,EEM-scRNA-R06-1,58.98697861012746,FALSE,0.05370084941387176,FALSE,0.2366386683019867,FALSE,5.442902882,-0.061743464,-0.078614417,G1,0.9508022786054816,AT2,Distal,NA,52,M,Single Cell 3' v2,CellRanger 2.1.0
EEM-scRNA-005,4632,2106,0.01127682793743179,FALSE,EEM-scRNA-005,82322.76384125292,FALSE,0.4792238175868988,FALSE,0.539687919,FALSE,10.40587219343696,0.027777359,-0.040504268,S,1,AT1,Distal,NA,29,F,Single Cell 3' v3.1,STARsolo 2.7.9a_EmptyDrops_CR
EEM-scRNA-R06-2,14356,2658,0.10422535211267606,FALSE,EEM-scRNA-R06-2,75.86566927954246,FALSE,0.8459455966949463,TRUE,1.112660791193412,TRUE,1.337419894120925,-0.019214759,-0.040832777,G1,0.9386215127726704,Secretory,Distal,NA,52,M,Single Cell 3' v2,CellRanger 2.1.0
EEM-scRNA-R20-2,3692,1338,0.068965517,FALSE,EEM-scRNA-R20-2,89672.70294541083,TRUE,0.02466545067727565,FALSE,0.2864753620415073,FALSE,5.2275189599133265,0.01919455,0.091003551,G2M,0.915994237692254,AT2,Distal,NA,51,F,Single Cell 3' v2,CellRanger 2.1.0
EEM-scRNA-005,5094,2198,0.05486725663716813,FALSE,EEM-scRNA-005,484469.65835809446,FALSE,0.01992925442755222,FALSE,0.3698972464843164,FALSE,13.604240282685511,-5.41e-4,-0.005856526,G1,1,AT1,Distal,NA,29,F,Single Cell 3' v3.1,STARsolo 2.7.9a_EmptyDrops_CR
EEM-scRNA-006,1945,1117,0.026530612,FALSE,EEM-scRNA-006,58119.44488349648,FALSE,0.10955701768398284,FALSE,0.24857103877655995,FALSE,8.946015424164525,-0.048898488,-0.023878604,G1,1,AT1,Distal,NA,25,M,Single Cell 3' v3.1,STARsolo 2.7.9a_EmptyDrops_CR
EEM-scRNA-R07-2,1860,956,0.005524862,FALSE,EEM-scRNA-R07-2,25230.522561356225,FALSE,0.0139688728377223,FALSE,0.06365598,FALSE,4.569892473,-0.059150484,-0.062598788,G1,0.9726509194096504,AT1,Distal,NA,35,F,Single Cell 3' v2,CellRanger 2.1.0
EEM-scRNA-R15-2,1391,877,0.00798722,FALSE,EEM-scRNA-R15-2,333754.0957812002,FALSE,0.023225963,FALSE,0.25085921210748685,FALSE,1.365923795830338,-0.010100007,0.019297307,G2M,1.0000000000000002,AT1,Distal,NA,76,F,Single Cell 3' v2,CellRanger 2.1.0
EEM-scRNA-R15-2,3579,988,0.04028436018957346,FALSE,EEM-scRNA-R15-2,504180.5046577845,TRUE,0.050731689,FALSE,0.39464241129615296,FALSE,0.5588153115395362,0.002368137,0.01041630949065095,G2M,0.6853366699562716,RAS,Distal,NA,76,F,Single Cell 3' v2,CellRanger 2.1.0
EEM-scRNA-006,10477,2538,0.03039999999999999,FALSE,EEM-scRNA-006,29486.424029852333,FALSE,0.01404786,FALSE,0.084149182,FALSE,6.509496993414145,0.02066297910699062,-0.001646979,S,0.9999999999999996,AT2,Distal,NA,25,M,Single Cell 3' v3.1,STARsolo 2.7.9a_EmptyDrops_CR
EEM-scRNA-006,12735,2686,0.03375760929717764,FALSE,EEM-scRNA-006,29297.225998982336,FALSE,0.037788417,FALSE,0.10755431345841916,FALSE,5.339615233608167,-0.033360484,-0.040498942,G1,1,AT2,Distal,NA,25,M,Single Cell 3' v3.1,STARsolo 2.7.9a_EmptyDrops_CR
EEM-scRNA-R39-1,5573,2428,0.03527815468113975,FALSE,EEM-scRNA-R39-1,109001.45785341486,TRUE,0.008752153,FALSE,0.5632448115827324,FALSE,3.140139960523955,-0.036372521,0.02302425917942636,G2M,0.9824753821110568,Ciliated,Distal,NA,70,F,Single Cell 3' v2,CellRanger 3.0.2
EEM-scRNA-R39-1,1758,988,0.01836393989983305,FALSE,EEM-scRNA-R39-1,54515.44625587379,FALSE,0.26019230484962463,FALSE,0.5376241458071804,FALSE,5.631399317406143,-0.05878921,-0.062232597,G1,0.9437049081181662,AT1,Distal,NA,70,F,Single Cell 3' v2,CellRanger 3.0.2
EEM-scRNA-006,3077,1588,0.060757684,FALSE,EEM-scRNA-006,68494.27212802377,FALSE,0.417436808,FALSE,0.5827652348834549,FALSE,15.98960026,-0.030341443,-0.032659352,G1,1.0000000000000002,AT1,Distal,NA,25,M,Single Cell 3' v3.1,STARsolo 2.7.9a_EmptyDrops_CR
EEM-scRNA-R15-1,4873,1484,0.01574150787075393,FALSE,EEM-scRNA-R15-1,530786.1496117748,FALSE,0.002697608,FALSE,0.2516907640101563,FALSE,1.580135440180587,-0.026900679,0.01940604446692176,G2M,1,AT2,Distal,NA,76,F,Single Cell 3' v2,CellRanger 2.1.0
EEM-scRNA-R39-1,16725,3504,0.14666666666666667,FALSE,EEM-scRNA-R39-1,137207.71996933146,TRUE,0.9746856689453124,TRUE,1.6742344628290544,TRUE,4.520179372,-0.020259109,-0.003341486,G1,0.8378344998824095,AT2,Distal,NA,70,F,Single Cell 3' v2,CellRanger 3.0.2
EEM-scRNA-206,28039,4991,0.11441647597254004,FALSE,EEM-scRNA-206,86953.55694449678,TRUE,0.6026821732521057,FALSE,1.6070770114572788,TRUE,5.517315168158636,-0.006665788,0.016779145,G2M,1.0000000000000002,AT2,Distal,NA,39,M,Single Cell 3' v3.1,STARsolo 2.7.9a_EmptyDrops_CR
EEM-scRNA-R20-2,3299,963,0.034482759,FALSE,EEM-scRNA-R20-2,64383.03666394497,FALSE,0.007902161,FALSE,0.19581895218179235,FALSE,2.606850560775993,-0.028357571,-0.004280589,G1,0.8192859576125158,AT2,Distal,NA,51,F,Single Cell 3' v2,CellRanger 2.1.0
EEM-scRNA-R15-2,1474,652,0.059322034,FALSE,EEM-scRNA-R15-2,372604.8572,FALSE,0.009727249,FALSE,0.2638500784287895,FALSE,2.578018995929444,0.11356779568223264,0.008036646,S,0.6541096102890995,Secretory,Distal,NA,76,F,Single Cell 3' v2,CellRanger 2.1.0
EEM-scRNA-005,6261,2712,0.015897635,FALSE,EEM-scRNA-005,408052.49078835384,FALSE,0.11406835913658142,FALSE,0.409040054,FALSE,17.872544321993292,0.006718455,-0.023755699,S,0.9619677784043992,Ciliated,Distal,NA,29,F,Single Cell 3' v3.1,STARsolo 2.7.9a_EmptyDrops_CR
EEM-scRNA-006,9776,2239,0.063736264,FALSE,EEM-scRNA-006,39501.63294299675,FALSE,0.085077129,FALSE,0.1794677485927974,FALSE,3.1608019639934537,-0.034622921,-0.027979524,G1,1.0000000000000002,RAS,Distal,NA,25,M,Single Cell 3' v3.1,STARsolo 2.7.9a_EmptyDrops_CR
EEM-scRNA-206,5604,1847,0.086206897,FALSE,EEM-scRNA-206,7368.120377,FALSE,0.006070803,FALSE,0.087540486,FALSE,6.299072091363311,0.004803992,0.006598957,G2M,0.9999999999999998,AT2,Distal,NA,39,M,Single Cell 3' v3.1,STARsolo 2.7.9a_EmptyDrops_CR
EEM-scRNA-006,5214,1601,0.096654275,FALSE,EEM-scRNA-006,14388.587025183764,FALSE,0.17487841844558716,FALSE,0.2096821604274836,FALSE,7.518220176448024,0.003504799,-0.048573996,S,0.9999999999999996,AT2,Distal,NA,25,M,Single Cell 3' v3.1,STARsolo 2.7.9a_EmptyDrops_CR
EEM-scRNA-005,6736,2719,0.18387909319899243,FALSE,EEM-scRNA-005,37208.36115946005,FALSE,0.00647934,FALSE,0.033235297,FALSE,13.895486935866982,0.019455003,0.064267582,G2M,0.9596346815611074,Ciliated,Distal,NA,29,F,Single Cell 3' v3.1,STARsolo 2.7.9a_EmptyDrops_CR
EEM-scRNA-R39-2,6783,1760,0.0542907180385289,FALSE,EEM-scRNA-R39-2,56441.69321132435,TRUE,0.062564537,FALSE,0.5202344385057336,FALSE,2.476780185758514,-0.036240506,-2.29e-4,G1,0.9999999999999996,AT2,Distal,NA,70,F,Single Cell 3' v2,CellRanger 3.0.2
EEM-scRNA-R07-1,1255,469,0.051282051,FALSE,EEM-scRNA-R07-1,63342.16383665558,FALSE,0.001575628,FALSE,0.12523482613210635,FALSE,2.3107569721115535,-0.027291004,0.076682737,G2M,0.5108352778736943,AT2,Distal,NA,35,F,Single Cell 3' v2,CellRanger 2.1.0
EEM-scRNA-062,15899,3241,0.075287865,FALSE,EEM-scRNA-062,61275.46060090203,FALSE,0.017361399,FALSE,0.1381524916378881,FALSE,4.648091074910372,0.02884517863243562,-0.00703789,S,1,AT2,Distal,NA,57,F,Single Cell 3' v3.1,STARsolo 2.7.8a_EmptyDrops_CR
EEM-scRNA-005,5846,1878,0.1037974683544304,FALSE,EEM-scRNA-005,63125.29723174188,FALSE,0.005985556,FALSE,0.051467321,FALSE,0.01710571330824495,-0.032815279,-0.008890664,G1,0.7666306717954211,RAS,Distal,NA,29,F,Single Cell 3' v3.1,STARsolo 2.7.9a_EmptyDrops_CR
EEM-scRNA-R07-2,7418,1718,0.016393443,FALSE,EEM-scRNA-R07-2,211693.6280542408,TRUE,0.1656217724084854,FALSE,0.5877464201253421,FALSE,2.723105958479375,-0.01234485,0.03075885820552194,G2M,1,AT2,Distal,NA,35,F,Single Cell 3' v2,CellRanger 2.1.0
EEM-scRNA-R15-2,2780,770,0.02507522567703109,FALSE,EEM-scRNA-R15-2,397964.46498839685,FALSE,0.007757732,FALSE,0.2791774592845254,FALSE,0.8273381294964028,-0.023144537,-0.034930194,G1,0.9620501490454092,RAS,Distal,NA,76,F,Single Cell 3' v2,CellRanger 2.1.0
EEM-scRNA-073,16264,3353,0.03626943005181347,FALSE,EEM-scRNA-073,183837.69751334365,TRUE,0.06129178032279014,FALSE,0.5969903985281898,FALSE,8.128381701918347,-0.054076145,-0.015629945,G1,0.9999999999999996,AT2,Distal,NA,59,F,Single Cell 3' v3.1,STARsolo 2.7.9a_EmptyDrops_CR
EEM-scRNA-206,8076,2163,0.13307984790874525,FALSE,EEM-scRNA-206,10674.502653397794,FALSE,0.02365251630544662,FALSE,0.14337073889538723,FALSE,4.445269935611689,0.03605273412151807,-0.021120626,S,1.0000000000000002,AT2,Distal,NA,39,M,Single Cell 3' v3.1,STARsolo 2.7.9a_EmptyDrops_CR
EEM-scRNA-R06-1,5467,1691,0.020193152,FALSE,EEM-scRNA-R06-1,79.88826853771278,FALSE,0.02169732935726642,FALSE,0.2695272302615294,FALSE,1.4816169745747212,-0.044521929,-0.033787051,G1,0.9959661745257568,AT2,Distal,NA,52,M,Single Cell 3' v2,CellRanger 2.1.0
EEM-scRNA-R07-2,1386,696,0.015144113,FALSE,EEM-scRNA-R07-2,18373.01387193729,FALSE,0.005219997,FALSE,0.041200156,FALSE,4.473304473304474,-0.044288077,-0.054230403,G1,0.7691467837458928,AT1,Distal,NA,35,F,Single Cell 3' v2,CellRanger 2.1.0
EEM-scRNA-R15-2,1556,927,0.22,FALSE,EEM-scRNA-R15-2,249528.2814298932,FALSE,0.010222202,FALSE,0.1803909001380703,FALSE,5.784061696658098,-0.061520388,0.031082534,G2M,0.8974032677690985,Ciliated,Distal,NA,76,F,Single Cell 3' v2,CellRanger 2.1.0
EEM-scRNA-R07-1,3527,1064,0.03248671,FALSE,EEM-scRNA-R07-1,152218.58749981693,TRUE,0.069737755,FALSE,0.36730940438800375,FALSE,2.5800963992061243,-0.04768715,-0.068048072,G1,0.9799608784131948,AT2,Distal,NA,35,F,Single Cell 3' v2,CellRanger 2.1.0
EEM-scRNA-206,6293,2034,0.099061522,FALSE,EEM-scRNA-206,61639.12081854961,TRUE,0.078833535,FALSE,0.7852859,FALSE,6.356268870173208,0.0207336662475868,-0.005175965,S,1,AT2,Distal,NA,39,M,Single Cell 3' v3.1,STARsolo 2.7.9a_EmptyDrops_CR
EEM-scRNA-005,8847,2579,0.049438202,FALSE,EEM-scRNA-005,632670.8017490841,TRUE,0.02292099222540855,FALSE,0.4799826579071029,FALSE,6.8158697863682605,-0.019883392,0.017991018,G2M,0.8613588278816553,AT2,Distal,NA,29,F,Single Cell 3' v3.1,STARsolo 2.7.9a_EmptyDrops_CR
EEM-scRNA-R36,1480,820,0.01619433198380566,FALSE,EEM-scRNA-R36,9129.015128300189,FALSE,0.002347111,FALSE,0.01672263497364008,FALSE,3.851351351351352,-0.048071503,-0.068242269,G1,1,AT1,Distal,NA,23,M,Single Cell 3' v2,CellRanger 3.0.0
EEM-scRNA-R15-1,4997,1212,0.049219688,FALSE,EEM-scRNA-R15-1,835674.7475,TRUE,0.2203826904296875,FALSE,0.6125559550822685,FALSE,1.4808885331198718,-0.040291891,0.0209435,G2M,0.9873651134984812,RAS,Distal,NA,76,F,Single Cell 3' v2,CellRanger 2.1.0
EEM-scRNA-079,13034,2984,0.056985294,FALSE,EEM-scRNA-079,7.703978842271464,FALSE,0.02416198886930942,FALSE,0.051082612,FALSE,3.843793156360289,0.002837321,-0.00855843,S,0.9999999999999998,AT2,Distal,NA,42,M,Single Cell 3' v3.1,STARsolo 2.7.8a_EmptyDrops_CR
EEM-scRNA-006,2113,1098,0.075441413,FALSE,EEM-scRNA-006,30630.72677,FALSE,0.3753824234008789,FALSE,0.449997079288284,FALSE,18.315191670610503,0.036726951,0.057109985,G2M,0.9876253340337784,AT1,Distal,NA,25,M,Single Cell 3' v3.1,STARsolo 2.7.9a_EmptyDrops_CR
EEM-scRNA-206,7122,2212,0.067669173,FALSE,EEM-scRNA-206,3982.754506797906,FALSE,0.03163664042949676,FALSE,0.074515241,FALSE,5.181128896377422,-0.013081117,-0.047128703,G1,1,AT2,Distal,NA,39,M,Single Cell 3' v3.1,STARsolo 2.7.9a_EmptyDrops_CR
EEM-scRNA-062,14306,2868,0.030769231,FALSE,EEM-scRNA-062,54530.744372012785,FALSE,0.008356099,FALSE,0.11583493106631727,FALSE,1.572766671326716,-0.03762495,-0.009115351,G1,0.9999999999999998,AT2,Distal,NA,57,F,Single Cell 3' v3.1,STARsolo 2.7.8a_EmptyDrops_CR
EEM-scRNA-206,7665,2280,0.099061522,FALSE,EEM-scRNA-206,6800.6758842013915,FALSE,0.038865387,FALSE,0.1142402946507847,FALSE,5.557729941291585,0.00901789,0.01407516371277596,G2M,1.0000000000000009,AT2,Distal,NA,39,M,Single Cell 3' v3.1,STARsolo 2.7.9a_EmptyDrops_CR
EEM-scRNA-062,16181,3973,0.10191082802547773,FALSE,EEM-scRNA-062,183057.55781102655,TRUE,0.9341099262237548,TRUE,1.295908742245596,TRUE,9.331932513441693,-0.024398898,0.01898848826707008,G2M,1,AT2,Distal,NA,57,F,Single Cell 3' v3.1,STARsolo 2.7.8a_EmptyDrops_CR
EEM-scRNA-R05-2,4846,1686,0.098121086,FALSE,EEM-scRNA-R05-2,8319.191690341258,FALSE,0.04682259634137153,FALSE,0.072531624,FALSE,5.055716054477919,-0.048763345,-0.042677801,G1,0.9999999999999998,AT2,Distal,NA,69,M,Single Cell 3' v2,CellRanger 2.1.0
EEM-scRNA-R07-1,4894,1276,0.04742268,FALSE,EEM-scRNA-R07-1,174236.53290802467,TRUE,0.022987836971879,FALSE,0.3635537516183456,FALSE,1.879852881078872,-0.01493756,-3.55e-4,G1,1.0000000000000009,AT2,Distal,NA,35,F,Single Cell 3' v2,CellRanger 2.1.0
EEM-scRNA-005,7201,1100,0.1037974683544304,FALSE,EEM-scRNA-005,47074.17052896963,FALSE,0.01535121444612741,FALSE,0.049256795,FALSE,17.122621858075266,-0.005896655,-0.020567545,G1,0.6708686290224573,Secretory,Distal,NA,29,F,Single Cell 3' v3.1,STARsolo 2.7.9a_EmptyDrops_CR
EEM-scRNA-062,8390,2423,0.10792951541850218,FALSE,EEM-scRNA-062,119629.4713792259,FALSE,0.00158537,FALSE,0.2374718069942484,FALSE,5.5184743742550655,-0.025464651,-0.037528996,G1,1,AT2,Distal,NA,57,F,Single Cell 3' v3.1,STARsolo 2.7.8a_EmptyDrops_CR
EEM-scRNA-R39-2,8825,2033,0.051020408,FALSE,EEM-scRNA-R39-2,59351.05175239395,TRUE,0.038269691,FALSE,0.5194972771844507,FALSE,1.9943342776203965,-0.055453404,-0.008813894,G1,1,AT2,Distal,NA,70,F,Single Cell 3' v2,CellRanger 3.0.2
EEM-scRNA-006,1412,899,0.04665826,FALSE,EEM-scRNA-006,472.39701150931944,FALSE,0.01470529846847057,FALSE,0.01545640295467772,FALSE,20.53824362606232,-0.06427976,0.0239868443851903,G2M,0.571178305,Ciliated,Distal,NA,25,M,Single Cell 3' v3.1,STARsolo 2.7.9a_EmptyDrops_CR
EEM-scRNA-R05-1,12391,2983,0.087719298,FALSE,EEM-scRNA-R05-1,21175.56392899104,FALSE,0.42142239212989807,FALSE,0.48424270623934046,FALSE,2.9053345169881366,-0.044424308,-0.017900009,G1,1.0000000000000004,AT2,Distal,NA,69,M,Single Cell 3' v2,CellRanger 2.1.0
EEM-scRNA-R39-1,14375,2959,0.054963084,FALSE,EEM-scRNA-R39-1,133552.88219120546,TRUE,0.9302355051040648,TRUE,1.6111084382452925,TRUE,2.2608695652173916,-0.035534751,-0.05448566,G1,0.9999999999999996,AT2,Distal,NA,70,F,Single Cell 3' v2,CellRanger 3.0.2
EEM-scRNA-R39-1,7231,1985,0.03982930298719771,FALSE,EEM-scRNA-R39-1,76227.65398065386,TRUE,0.6182159185409546,TRUE,1.0067345194954105,TRUE,5.379615544,-0.020888578,0.009612092,G2M,0.9826526182895556,AT2,Distal,NA,70,F,Single Cell 3' v2,CellRanger 3.0.2
EEM-scRNA-R15-2,4399,838,0.1099899091826438,FALSE,EEM-scRNA-R15-2,386960.0704331781,FALSE,0.082623333,FALSE,0.34660202725903333,FALSE,5.774039554444192,0.00313014,-0.040420333,S,0.6314180631711049,Secretory,Distal,NA,76,F,Single Cell 3' v2,CellRanger 2.1.0
EEM-scRNA-R39-1,2944,999,0.069252078,FALSE,EEM-scRNA-R39-1,51380.00567662896,FALSE,0.065820388,FALSE,0.32699844108655024,FALSE,5.706521739130435,-0.049449894,-0.059867524,G1,0.9999999999999998,AT2,Distal,NA,70,F,Single Cell 3' v2,CellRanger 3.0.2
EEM-scRNA-079,4998,1459,0.073529412,FALSE,EEM-scRNA-079,0.5563988151633075,FALSE,0.01145584601908922,FALSE,0.01202241272319058,FALSE,15.506202480992398,-0.041681833,-0.043812906,G1,1,AT2,Distal,NA,42,M,Single Cell 3' v3.1,STARsolo 2.7.8a_EmptyDrops_CR
EEM-scRNA-R36,5477,2571,0.042291951,FALSE,EEM-scRNA-R36,290311.8005020314,TRUE,0.7562399506568909,TRUE,1.2142300861011908,TRUE,4.655833485484755,-0.114071734,-0.103912632,G1,1.0000000000000004,Ciliated,Distal,NA,23,M,Single Cell 3' v2,CellRanger 3.0.0
EEM-scRNA-067,23346,4269,0.058350101,FALSE,EEM-scRNA-067,54065.34477200935,FALSE,0.01829959265887737,FALSE,0.2582720128455391,FALSE,4.381906964790542,0.01121147668969091,0.001936896,S,1,AT2,Distal,NA,68,F,Single Cell 3' v3.1,STARsolo 2.7.8a_EmptyDrops_CR
EEM-scRNA-206,8107,2313,0.15625,FALSE,EEM-scRNA-206,11811.081016799108,FALSE,0.06723883,FALSE,0.2005972595647018,FALSE,5.661773775749353,8.808805978620868e-4,-0.027652124,S,1,AT2,Distal,NA,39,M,Single Cell 3' v3.1,STARsolo 2.7.9a_EmptyDrops_CR
EEM-scRNA-R07-2,6469,1568,0.02487562189054726,FALSE,EEM-scRNA-R07-2,192359.7115415272,TRUE,0.019761661,FALSE,0.40286284854859145,FALSE,1.4376255990106663,0.01531726140569214,-0.034320616,S,1.0000000000000004,AT2,Distal,NA,35,F,Single Cell 3' v2,CellRanger 2.1.0
EEM-scRNA-R07-1,4007,1048,0.038340666,FALSE,EEM-scRNA-R07-1,138530.4315831906,TRUE,0.008069183,FALSE,0.27878344625901047,FALSE,2.246069378587472,-0.035165855,-0.032225537,G1,1,AT2,Distal,NA,35,F,Single Cell 3' v2,CellRanger 2.1.0
EEM-scRNA-R07-1,2567,1112,0.1897106109324759,FALSE,EEM-scRNA-R07-1,154264.89386479807,TRUE,0.046608284,FALSE,0.34814910812959027,FALSE,1.9477989871445267,-0.016610139,-0.06053988,G1,0.735781887,RAS,Distal,NA,35,F,Single Cell 3' v2,CellRanger 2.1.0
EEM-scRNA-062,8515,3010,0.03968770331815224,FALSE,EEM-scRNA-062,15991.223369476484,FALSE,0.042145506,FALSE,0.073630289,FALSE,10.440399295361129,-0.04968868,0.006036023,G2M,1.0000000000000002,Ciliated,Distal,NA,57,F,Single Cell 3' v3.1,STARsolo 2.7.8a_EmptyDrops_CR
EEM-scRNA-R20-1,3384,1205,0.02384291725105189,FALSE,EEM-scRNA-R20-1,80676.56999,FALSE,0.005972407,FALSE,0.19488554562865723,FALSE,2.2754137115839246,0.02796690739155797,-0.036443801,S,0.7882214779314455,AT2,Distal,NA,51,F,Single Cell 3' v2,CellRanger 2.1.0
EEM-scRNA-206,28169,5447,0.3216080402010049,FALSE,EEM-scRNA-206,17009.99079167916,TRUE,0.7017318606376648,TRUE,0.9031872040850708,TRUE,8.701054350527174,0.02295707955336716,-0.028590669,S,1,AT2,Distal,NA,39,M,Single Cell 3' v3.1,STARsolo 2.7.9a_EmptyDrops_CR
EEM-scRNA-R07-1,1752,907,0.0097604260000000009,FALSE,EEM-scRNA-R07-1,137450.1465697399,TRUE,0.02384285815060138,FALSE,0.2924667687816923,FALSE,5.365296803652968,-0.009815636,-0.068599026,G1,1,AT1,Distal,NA,35,F,Single Cell 3' v2,CellRanger 2.1.0
EEM-scRNA-R05-2,10389,2853,0.1101123595505618,FALSE,EEM-scRNA-R05-2,8217.671508701398,FALSE,0.089153089,FALSE,0.11470106630910706,FALSE,2.069496582924247,-0.023597157,-0.061904728,G1,0.9999999999999998,AT2,Distal,NA,69,M,Single Cell 3' v2,CellRanger 2.1.0
EEM-scRNA-R07-2,8176,2214,0.079452055,FALSE,EEM-scRNA-R07-2,291743.4208262731,TRUE,0.5564250946044922,FALSE,1.1394563995381777,TRUE,2.7274951076320937,-0.028362785,-1.58e-4,G1,0.9790864738735672,AT2,Distal,NA,35,F,Single Cell 3' v2,CellRanger 2.1.0
EEM-scRNA-R20-1,5039,1667,0.09919571,FALSE,EEM-scRNA-R20-1,119107.31988051248,TRUE,0.21449820697307587,FALSE,0.49393686266727954,FALSE,6.310775947608653,0.007890581,-0.011068233,S,0.627763222,AT2,Distal,NA,51,F,Single Cell 3' v2,CellRanger 2.1.0
EEM-scRNA-062,16672,3660,0.14634146341463414,FALSE,EEM-scRNA-062,147678.70983594167,FALSE,0.7593404650688171,TRUE,1.0512022676906696,TRUE,2.4292226487523996,0.036380335,-0.005677244,S,1,AT2,Distal,NA,57,F,Single Cell 3' v3.1,STARsolo 2.7.8a_EmptyDrops_CR
EEM-scRNA-R39-2,2846,1013,0.052631579,FALSE,EEM-scRNA-R39-2,34549.9934,FALSE,0.068348683,FALSE,0.3482637998295777,FALSE,5.551651440618412,0.062752615,0.001291494,S,0.9999999999999998,AT2,Distal,NA,70,F,Single Cell 3' v2,CellRanger 3.0.2
EEM-scRNA-R07-2,3553,1134,0.01703406813627254,FALSE,EEM-scRNA-R07-2,142474.97840705875,TRUE,0.15969392657279968,FALSE,0.44371993450297575,FALSE,3.687025049254152,-0.055346035,-0.01529282,G1,0.9999999999999996,AT2,Distal,NA,35,F,Single Cell 3' v2,CellRanger 2.1.0
EEM-scRNA-062,23887,4620,0.086206897,FALSE,EEM-scRNA-062,44104.84122,FALSE,0.4459109604358673,FALSE,0.5331965078925324,FALSE,5.350190480177503,0.021060803,0.021414657,G2M,0.9999999999999998,AT2,Distal,NA,57,F,Single Cell 3' v3.1,STARsolo 2.7.8a_EmptyDrops_CR
EEM-scRNA-R07-1,7366,2113,0.1768292682926829,FALSE,EEM-scRNA-R07-1,258010.20680791172,TRUE,0.4676295518875122,FALSE,0.972662208,TRUE,2.7966331794732553,0.1467455764800829,0.098112886,S,0.9903101730869932,AT2,Distal,NA,35,F,Single Cell 3' v2,CellRanger 2.1.0
EEM-scRNA-R39-2,7081,1725,0.043616178,FALSE,EEM-scRNA-R39-2,54615.79425784999,TRUE,0.01617144234478473,FALSE,0.4588849543837526,FALSE,2.358423951419291,-0.029218987,-0.0182817,G1,1.0000000000000002,AT2,Distal,NA,70,F,Single Cell 3' v2,CellRanger 3.0.2
EEM-scRNA-R15-1,1217,810,0.01846286,FALSE,EEM-scRNA-R15-1,487042.1543120672,FALSE,0.01626403629779815,FALSE,0.2447443945966888,FALSE,5.916187345932621,0.00381636,0.067707468,G2M,0.885968184,Ciliated,Distal,NA,76,F,Single Cell 3' v2,CellRanger 2.1.0
EEM-scRNA-R39-1,5985,1514,0.056572379,FALSE,EEM-scRNA-R39-1,96300.60627633356,TRUE,0.17272016406059265,FALSE,0.662785563,FALSE,2.4060150375939853,-0.05356368,-0.045194023,G1,1.0000000000000004,AT2,Distal,NA,70,F,Single Cell 3' v2,CellRanger 3.0.2
EEM-scRNA-067,5475,2364,0.058350101,FALSE,EEM-scRNA-067,38625.26832074869,FALSE,0.021692865,FALSE,0.19313108694696665,FALSE,24.85844748858447,-0.019726624,8.083973909489423e-4,G2M,1.0000000000000002,Ciliated,Distal,NA,68,F,Single Cell 3' v3.1,STARsolo 2.7.8a_EmptyDrops_CR
EEM-scRNA-R06-1,4174,1571,0.071895425,FALSE,EEM-scRNA-R06-1,36.24526475521983,FALSE,0.22419928014278412,FALSE,0.3369792572547231,FALSE,2.2041207474844273,0.007981407,-0.046014845,S,0.7557337049094398,RAS,Distal,NA,52,M,Single Cell 3' v2,CellRanger 2.1.0
EEM-scRNA-206,6507,2053,0.088607595,FALSE,EEM-scRNA-206,11401.73817958752,FALSE,0.01916058734059333,FALSE,0.1471819565572746,FALSE,4.287690179806362,-0.00696595,-0.039206679,G1,0.9999999999999998,AT2,Distal,NA,39,M,Single Cell 3' v3.1,STARsolo 2.7.9a_EmptyDrops_CR
EEM-scRNA-R07-1,4995,1427,0.06147859922178989,FALSE,EEM-scRNA-R07-1,177456.13532269848,TRUE,0.055347279,FALSE,0.4022556539358873,FALSE,3.983983983983984,-0.057216481,-4.03e-4,G1,0.9999999999999996,AT2,Distal,NA,35,F,Single Cell 3' v2,CellRanger 2.1.0
EEM-scRNA-062,8682,3363,0.04668989547038327,FALSE,EEM-scRNA-062,168349.1143196753,FALSE,0.040402513,FALSE,0.3724261092473899,FALSE,9.894033632803502,-0.032413727,0.041655981,G2M,0.9846268284070052,Ciliated,Distal,NA,57,F,Single Cell 3' v3.1,STARsolo 2.7.8a_EmptyDrops_CR
EEM-scRNA-206,6563,2168,0.099061522,FALSE,EEM-scRNA-206,2054.1413377350436,FALSE,0.20020700991153717,FALSE,0.2231195397797121,FALSE,6.704251104677739,0.047008131,-0.002908982,S,1.0000000000000002,AT2,Distal,NA,39,M,Single Cell 3' v3.1,STARsolo 2.7.9a_EmptyDrops_CR
EEM-scRNA-R39-1,6801,2391,0.01554959785522788,FALSE,EEM-scRNA-R39-1,41047.15791888637,FALSE,0.3117101490497589,FALSE,0.5206400882203299,FALSE,3.205410968975151,-0.003558352,-0.0253313,G1,0.9738098566973652,AT1,Distal,NA,70,F,Single Cell 3' v2,CellRanger 3.0.2
EEM-scRNA-R15-1,7335,1488,0.070301291,FALSE,EEM-scRNA-R15-1,968677.5702,TRUE,0.13646678626537323,FALSE,0.5909802526783295,FALSE,0.28629856850715746,0.01779952683344625,0.008535089,S,0.8673425821712653,Secretory,Distal,NA,76,F,Single Cell 3' v2,CellRanger 2.1.0
EEM-scRNA-R07-1,3999,1088,0.063091483,FALSE,EEM-scRNA-R07-1,129990.80372182502,TRUE,0.01948401145637035,FALSE,0.2735134892806156,FALSE,3.500875218804701,-0.033617599,-0.014130751,G1,1.0000000000000002,AT2,Distal,NA,35,F,Single Cell 3' v2,CellRanger 2.1.0
EEM-scRNA-006,1510,997,0.028810896,FALSE,EEM-scRNA-006,7972.946622724936,FALSE,0.02067599073052406,FALSE,0.039385356,FALSE,11.456953642384104,-0.050177642,0.041092478,G2M,1.0000000000000002,AT1,Distal,NA,25,M,Single Cell 3' v3.1,STARsolo 2.7.9a_EmptyDrops_CR
EEM-scRNA-062,16480,3602,0.14634146341463414,FALSE,EEM-scRNA-062,43481.79272461504,FALSE,0.22107729315757751,FALSE,0.3069422629353359,FALSE,1.8385922330097089,0.002108925,-0.016961525,S,0.9999999999999996,AT2,Distal,NA,57,F,Single Cell 3' v3.1,STARsolo 2.7.8a_EmptyDrops_CR
EEM-scRNA-073,25053,4566,0.043802423,FALSE,EEM-scRNA-073,247235.33277519647,TRUE,0.13779309391975403,FALSE,0.8584740379874124,TRUE,2.826008861214226,0.0165784846338839,-0.018333149,S,1.0000000000000004,AT2,Distal,NA,59,F,Single Cell 3' v3.1,STARsolo 2.7.9a_EmptyDrops_CR
EEM-scRNA-R39-2,2175,806,0.098901099,FALSE,EEM-scRNA-R39-2,19755.95799765185,FALSE,0.014491126,FALSE,0.1741216935744977,FALSE,8.367816091954023,-0.050822305,0.02438081092609017,G2M,0.7896060819973737,AT2,Distal,NA,70,F,Single Cell 3' v2,CellRanger 3.0.2
EEM-scRNA-R07-2,1561,854,0.1857835218093699,FALSE,EEM-scRNA-R07-2,87332.19957,FALSE,0.13083334267139435,FALSE,0.30476822292799893,FALSE,6.149903907751442,-0.02269626,-0.088876211,G1,0.5570769983141167,AT1,Distal,NA,35,F,Single Cell 3' v2,CellRanger 2.1.0
EEM-scRNA-R07-2,2143,756,0.01902313624678663,FALSE,EEM-scRNA-R07-2,102148.27765044676,FALSE,0.05306426435708999,FALSE,0.2563120472849435,FALSE,1.3065795613625757,-0.005131343,-0.042717572,G1,0.989682289,AT2,Distal,NA,35,F,Single Cell 3' v2,CellRanger 2.1.0
EEM-scRNA-005,7678,2798,0.12790697674418602,FALSE,EEM-scRNA-005,117984.9619775524,FALSE,0.23100127279758453,FALSE,0.31665145432613706,FALSE,8.022922636103152,-0.063565816,0.033347595,G2M,1,AT1,Distal,NA,29,F,Single Cell 3' v3.1,STARsolo 2.7.9a_EmptyDrops_CR
EEM-scRNA-R39-1,1817,866,0.031128405,FALSE,EEM-scRNA-R39-1,36118.832762754566,FALSE,0.1532478779554367,FALSE,0.33684826491477343,FALSE,7.980187122,0.008458881,-0.071360241,S,0.9959721061526464,AT2,Distal,NA,70,F,Single Cell 3' v2,CellRanger 3.0.2
EEM-scRNA-R15-1,4720,740,0.10924369747899158,FALSE,EEM-scRNA-R15-1,560298.6559132638,FALSE,0.069110565,FALSE,0.33199360257239463,FALSE,4.343220338983051,0.045812708,-0.023407433,S,0.4494814218945726,Secretory,Distal,NA,76,F,Single Cell 3' v2,CellRanger 2.1.0
EEM-scRNA-R20-2,4584,1504,0.068965517,FALSE,EEM-scRNA-R20-2,91118.11813,TRUE,0.075107887,FALSE,0.3411861519711016,FALSE,6.326352530541013,0.10614450559275676,0.077960603,S,1,AT2,Distal,NA,51,F,Single Cell 3' v2,CellRanger 2.1.0
EEM-scRNA-005,2142,1214,0.03431609473175447,FALSE,EEM-scRNA-005,280714.98166405456,FALSE,0.065336458,FALSE,0.2681826967492307,FALSE,13.585434173669467,-0.054358491,0.00628005,G2M,1,AT1,Distal,NA,29,F,Single Cell 3' v3.1,STARsolo 2.7.9a_EmptyDrops_CR
EEM-scRNA-006,10572,2145,0.05138339920948617,FALSE,EEM-scRNA-006,28034.03001234632,FALSE,0.01961199380457401,FALSE,0.086268977,FALSE,2.563374952705259,0.01304148375299468,-0.032766829,S,1.0000000000000002,RAS,Distal,NA,25,M,Single Cell 3' v3.1,STARsolo 2.7.9a_EmptyDrops_CR
EEM-scRNA-067,27292,5164,0.066954644,FALSE,EEM-scRNA-067,53888.72403811704,FALSE,0.005562366,FALSE,0.2447481590475233,FALSE,2.3999706873809172,-0.044437277,0.01208811979204363,G2M,1.0000000000000004,AT2,Distal,NA,68,F,Single Cell 3' v3.1,STARsolo 2.7.8a_EmptyDrops_CR
EEM-scRNA-006,3585,1181,0.022308438,FALSE,EEM-scRNA-006,8798.010169148845,FALSE,0.006643617,FALSE,0.02725611570458597,FALSE,8.033472803,-0.042612574,-0.041288946,G1,1.0000000000000002,AT2,Distal,NA,25,M,Single Cell 3' v3.1,STARsolo 2.7.9a_EmptyDrops_CR
EEM-scRNA-006,3620,1185,0.03463687150837988,FALSE,EEM-scRNA-006,6035.887577258446,FALSE,0.018655714,FALSE,0.032724903,FALSE,6.906077348066299,-0.008063737,0.01842867138590962,G2M,0.9999999999999992,AT2,Distal,NA,25,M,Single Cell 3' v3.1,STARsolo 2.7.9a_EmptyDrops_CR
EEM-scRNA-R15-1,3305,1016,0.21981424148606807,FALSE,EEM-scRNA-R15-1,386821.83596643806,FALSE,0.005825828,FALSE,0.18728222169626416,FALSE,2.8744326777609683,-0.032044785,0.007921141,G2M,0.9783659396927822,AT2,Distal,NA,76,F,Single Cell 3' v2,CellRanger 2.1.0
EEM-scRNA-005,2545,875,0.01444866920152091,FALSE,EEM-scRNA-005,278013.4060403338,FALSE,0.001435011,FALSE,0.202179176,FALSE,0.7465618860510805,0.051068867,-0.010951574,S,0.3354433595892227,RAS,Distal,NA,29,F,Single Cell 3' v3.1,STARsolo 2.7.9a_EmptyDrops_CR
EEM-scRNA-006,3154,1711,0.05138339920948617,FALSE,EEM-scRNA-006,57632.36558670236,FALSE,0.19591297209262848,FALSE,0.33418764838389525,FALSE,10.716550412175016,-0.042045701,-0.082620588,G1,1.0000000000000002,AT1,Distal,NA,25,M,Single Cell 3' v3.1,STARsolo 2.7.9a_EmptyDrops_CR
EEM-scRNA-R07-2,4879,1461,0.01834862385321101,FALSE,EEM-scRNA-R07-2,187358.97897489127,TRUE,0.05540903657674789,FALSE,0.4286458572686072,FALSE,2.6849764295962286,-0.038613739,0.004353719,G2M,1.0000000000000002,AT2,Distal,NA,35,F,Single Cell 3' v2,CellRanger 2.1.0
EEM-scRNA-079,15603,3236,0.05520361990950225,FALSE,EEM-scRNA-079,1.289008355581914e-5,FALSE,0.01640858873724937,FALSE,0.0149720376323105,FALSE,4.819585977055694,-0.014100725,0.034992892,G2M,1.0000000000000004,AT2,Distal,NA,42,M,Single Cell 3' v3.1,STARsolo 2.7.8a_EmptyDrops_CR
EEM-scRNA-R07-2,17958,3664,0.26609442060085825,FALSE,EEM-scRNA-R07-2,356865.21295590565,TRUE,0.9353076815605164,TRUE,1.6494294528825513,TRUE,3.5583027063147346,-0.075795269,-0.014920258,G1,0.9860632793929396,AT2,Distal,NA,35,F,Single Cell 3' v2,CellRanger 2.1.0
EEM-scRNA-R36,20364,4404,0.31645569620253156,FALSE,EEM-scRNA-R36,445957.9220197262,TRUE,0.8451107144355774,TRUE,1.5485451781037507,TRUE,2.8186996660773915,-0.040782438,-0.065101609,G1,0.9596916465860192,Ciliated,Distal,NA,23,M,Single Cell 3' v2,CellRanger 3.0.0
EEM-scRNA-206,5831,1738,0.10191082802547773,FALSE,EEM-scRNA-206,1985.058330970335,FALSE,0.02533668093383312,FALSE,0.045162414,FALSE,7.357228605728006,0.009258444,-0.023640668,S,0.961772539684732,AT2,Distal,NA,39,M,Single Cell 3' v3.1,STARsolo 2.7.9a_EmptyDrops_CR
EEM-scRNA-R06-2,4757,1435,0.10422535211267606,FALSE,EEM-scRNA-R06-2,35.685262615121765,FALSE,0.20599205791950223,FALSE,0.3310195499037404,FALSE,3.3424427159974774,-0.053016705,0.003891027,G2M,1.0000000000000004,AT2,Distal,NA,52,M,Single Cell 3' v2,CellRanger 2.1.0
EEM-scRNA-R15-1,3783,1120,0.02454840203798054,FALSE,EEM-scRNA-R15-1,408876.94341869873,FALSE,0.00127474,FALSE,0.19307493113970753,FALSE,1.718213058419244,-0.039946173,0.01174121288035147,G2M,1,AT2,Distal,NA,76,F,Single Cell 3' v2,CellRanger 2.1.0
EEM-scRNA-062,11291,3127,0.1511789181692094,FALSE,EEM-scRNA-062,18184.00225994404,FALSE,0.002832491,FALSE,0.038609243,FALSE,4.038614825967585,-0.039797282,0.01113257628860597,G2M,1,AT2,Distal,NA,57,F,Single Cell 3' v3.1,STARsolo 2.7.8a_EmptyDrops_CR
EEM-scRNA-R39-2,5529,1532,0.11716621253405991,FALSE,EEM-scRNA-R39-2,44668.911736626826,TRUE,0.04710234329104423,FALSE,0.40912865189835024,FALSE,4.702477844094774,0.02203290598071803,-0.011630534,S,0.9657920791753388,AT2,Distal,NA,70,F,Single Cell 3' v2,CellRanger 3.0.2
EEM-scRNA-006,6525,1956,0.035532995,FALSE,EEM-scRNA-006,11060.537673800936,FALSE,0.1115597039461136,FALSE,0.13809668977633088,FALSE,8.030651340996169,-0.013618357,-0.018658145,G1,1.0000000000000004,AT2,Distal,NA,25,M,Single Cell 3' v3.1,STARsolo 2.7.9a_EmptyDrops_CR
EEM-scRNA-R36,10311,2511,0.1634182908545727,FALSE,EEM-scRNA-R36,214229.8939258188,FALSE,0.006939719,FALSE,0.34470747316335015,FALSE,2.007564736688973,0.029997469,-0.074933155,S,0.9999999999999996,AT2,Distal,NA,23,M,Single Cell 3' v2,CellRanger 3.0.0
EEM-scRNA-R20-1,5967,1788,0.052037618,FALSE,EEM-scRNA-R20-1,127252.62642427153,TRUE,0.04608715325593948,FALSE,0.34427067230669317,FALSE,2.262443438914027,-0.045375861,-0.039244826,G1,0.9999999999999996,AT2,Distal,NA,51,F,Single Cell 3' v2,CellRanger 2.1.0
EEM-scRNA-206,6078,1892,0.1417218543046357,FALSE,EEM-scRNA-206,10827.614734536435,FALSE,0.03216677531599998,FALSE,0.15375715663897502,FALSE,5.396512010529779,-0.045983711,0.06105804929609156,G2M,1,AT2,Distal,NA,39,M,Single Cell 3' v3.1,STARsolo 2.7.9a_EmptyDrops_CR
EEM-scRNA-R39-1,4066,1694,0.03527815468113975,FALSE,EEM-scRNA-R39-1,93528.81235526176,TRUE,0.05109437927603721,FALSE,0.5268656405981826,FALSE,4.058042302016724,0.001616072,-0.058974917,S,0.962913507,AT1,Distal,NA,70,F,Single Cell 3' v2,CellRanger 3.0.2
EEM-scRNA-006,2145,1309,0.04553961322520274,FALSE,EEM-scRNA-006,45839.87211367612,FALSE,0.02080665156245231,FALSE,0.13003156827711024,FALSE,8.298368298368299,-0.015479977,-0.034127697,G1,1.0000000000000002,AT1,Distal,NA,25,M,Single Cell 3' v3.1,STARsolo 2.7.9a_EmptyDrops_CR
EEM-scRNA-R36,9165,2175,0.083573487,FALSE,EEM-scRNA-R36,201743.9336303016,FALSE,0.01869222894310951,FALSE,0.33677697239418314,FALSE,1.331151118385161,0.01400431095872086,-0.020486983,S,1,AT2,Distal,NA,23,M,Single Cell 3' v2,CellRanger 3.0.0
EEM-scRNA-062,14650,3261,0.11785297549591592,FALSE,EEM-scRNA-062,121892.23973025268,FALSE,0.01204738207161426,FALSE,0.2524062568212267,FALSE,5.604095563139932,-0.022747085,-0.008614217,G1,1,AT2,Distal,NA,57,F,Single Cell 3' v3.1,STARsolo 2.7.8a_EmptyDrops_CR
EEM-scRNA-005,11925,2883,0.033557047,FALSE,EEM-scRNA-005,596530.3672840387,TRUE,0.003399083,FALSE,0.4343007042362957,FALSE,5.551362683438155,-0.034716387,0.03879963359220056,G2M,1.0000000000000004,AT2,Distal,NA,29,F,Single Cell 3' v3.1,STARsolo 2.7.9a_EmptyDrops_CR
EEM-scRNA-R15-2,2464,1342,0.01728844404003639,FALSE,EEM-scRNA-R15-2,64010.82968456559,FALSE,0.01099594123661518,FALSE,0.054617784,FALSE,2.719155844155844,-0.009939578,-0.001388854,G1,0.944542626,Ciliated,Distal,NA,76,F,Single Cell 3' v2,CellRanger 2.1.0
EEM-scRNA-R20-1,1734,913,0.01610169491525423,FALSE,EEM-scRNA-R20-1,90497.50875,FALSE,0.01933997496962547,FALSE,0.2313038597009273,FALSE,2.1337946943483272,-0.036374526,0.02100395001593541,G2M,0.9807134833451052,AT1,Distal,NA,51,F,Single Cell 3' v2,CellRanger 2.1.0
EEM-scRNA-R20-1,3197,1225,0.065263158,FALSE,EEM-scRNA-R20-1,76960.05173752127,FALSE,0.001998932,FALSE,0.1821912777317932,FALSE,2.064435408195183,0.070106594,0.01356258256674556,S,0.8260496151902847,RAS,Distal,NA,51,F,Single Cell 3' v2,CellRanger 2.1.0
EEM-scRNA-005,23609,5532,0.1483870967741935,FALSE,EEM-scRNA-005,909605.1321486628,TRUE,0.185166135,FALSE,0.8427148112953178,FALSE,7.298064297513659,-0.009878375,0.001502092,G2M,1.0000000000000009,AT1,Distal,NA,29,F,Single Cell 3' v3.1,STARsolo 2.7.9a_EmptyDrops_CR
EEM-scRNA-005,5247,2361,0.028571429,FALSE,EEM-scRNA-005,460978.0733686906,FALSE,0.012587557,FALSE,0.3455638521297649,FALSE,12.65485039069945,-0.070296539,0.062564354,G2M,0.9636301926310938,Ciliated,Distal,NA,29,F,Single Cell 3' v3.1,STARsolo 2.7.9a_EmptyDrops_CR
EEM-scRNA-R06-2,4281,1284,0.038785835,FALSE,EEM-scRNA-R06-2,42.39061643514345,FALSE,0.070553392,FALSE,0.21879264942887405,FALSE,1.8220042046250875,-0.051198267,-0.026082852,G1,0.9999999999999998,AT2,Distal,NA,52,M,Single Cell 3' v2,CellRanger 2.1.0
EEM-scRNA-R39-1,1919,1123,0.01985252410663641,FALSE,EEM-scRNA-R39-1,74841.47492,TRUE,0.032232016,FALSE,0.41282229473521326,FALSE,1.9280875455966648,-0.017639574,-0.03764018,G1,0.956057992,AT1,Distal,NA,70,F,Single Cell 3' v2,CellRanger 3.0.2
EEM-scRNA-206,8188,2237,0.081632653,FALSE,EEM-scRNA-206,7352.54774,FALSE,0.21582797169685364,FALSE,0.2998683950967101,FALSE,4.628724963361016,-0.004147332,0.065238506,G2M,0.9829349450618212,AT2,Distal,NA,39,M,Single Cell 3' v3.1,STARsolo 2.7.9a_EmptyDrops_CR
EEM-scRNA-R36,10387,2562,0.090909091,FALSE,EEM-scRNA-R36,210752.62727336652,FALSE,0.02366183325648307,FALSE,0.3559526699478191,FALSE,1.598151535573313,-0.007009689,0.01510887097631179,G2M,0.9895441370587922,AT2,Distal,NA,23,M,Single Cell 3' v2,CellRanger 3.0.0
EEM-scRNA-R15-1,4304,766,0.062880325,FALSE,EEM-scRNA-R15-1,541224.3835354667,FALSE,0.008189827,FALSE,0.2620836161868016,FALSE,0.6273234200743495,0.007724935,0.018200336,G2M,0.4556683967487822,Secretory,Distal,NA,76,F,Single Cell 3' v2,CellRanger 2.1.0
EEM-scRNA-R39-2,11083,2445,0.02272727272727272,FALSE,EEM-scRNA-R39-2,65315.65556153794,TRUE,0.1593097299337387,FALSE,0.6893098697578155,FALSE,1.425606785166471,-0.046753226,-0.012111574,G1,1.0000000000000009,AT2,Distal,NA,70,F,Single Cell 3' v2,CellRanger 3.0.2
EEM-scRNA-R36,22188,2812,0.11475409836065573,FALSE,EEM-scRNA-R36,408402.6382476133,TRUE,0.087027319,FALSE,0.7309827841319061,FALSE,1.2349017486929872,0.016151591,-0.056265317,S,1.0000000000000004,Secretory,Distal,NA,23,M,Single Cell 3' v2,CellRanger 3.0.0
EEM-scRNA-R07-2,8758,1682,0.091089109,FALSE,EEM-scRNA-R07-2,38488.3466,FALSE,0.7773982286453247,TRUE,0.8559160763891657,TRUE,1.952500571,-0.006398378,-0.01964568,G1,0.8936314056034633,RAS,Distal,NA,35,F,Single Cell 3' v2,CellRanger 2.1.0
EEM-scRNA-R39-1,4459,1434,0.059931507,FALSE,EEM-scRNA-R39-1,68164.92885378252,FALSE,0.061487298,FALSE,0.4081250981125299,FALSE,3.0051581071989233,-0.057477741,-0.015145185,G1,1.0000000000000002,AT2,Distal,NA,70,F,Single Cell 3' v2,CellRanger 3.0.2
EEM-scRNA-R06-1,3755,1885,0.019607843,FALSE,EEM-scRNA-R06-1,35.969748451758356,FALSE,0.007196952,FALSE,0.11840330331511348,FALSE,2.6897470039946736,-0.053306376,-0.046523558,G1,0.8131521238425452,Ciliated,Distal,NA,52,M,Single Cell 3' v2,CellRanger 2.1.0
EEM-scRNA-062,36929,5655,0.19269102990033213,FALSE,EEM-scRNA-062,79245.89424172638,FALSE,0.8845859169960022,TRUE,1.0415642494661237,TRUE,5.386010994069702,-0.006087805,-0.010212384,G1,1.0000000000000004,AT2,Distal,NA,57,F,Single Cell 3' v3.1,STARsolo 2.7.8a_EmptyDrops_CR
EEM-scRNA-R15-2,1668,995,0.020992366,FALSE,EEM-scRNA-R15-2,264416.7324034298,FALSE,0.45753055810928345,FALSE,0.6382460584407363,FALSE,3.896882494004797,-0.076901547,0.00407693,G2M,0.8887409587501743,Ciliated,Distal,NA,76,F,Single Cell 3' v2,CellRanger 2.1.0
EEM-scRNA-206,8542,2610,0.17924528301886786,FALSE,EEM-scRNA-206,6923.916088589119,FALSE,0.08130458,FALSE,0.158652905,FALSE,5.876843830484664,0.026841778346493098,0.01939365429835654,S,0.9999999999999996,AT2,Distal,NA,39,M,Single Cell 3' v3.1,STARsolo 2.7.9a_EmptyDrops_CR
EEM-scRNA-206,6261,2297,0.075287865,FALSE,EEM-scRNA-206,2475.415376786626,FALSE,0.02962746657431125,FALSE,0.055147764,FALSE,7.123462705638077,0.01409538482026255,0.068010376,G2M,1.0000000000000002,AT2,Distal,NA,39,M,Single Cell 3' v3.1,STARsolo 2.7.9a_EmptyDrops_CR
EEM-scRNA-R20-1,5580,1588,0.085995086,FALSE,EEM-scRNA-R20-1,113595.81489570776,TRUE,0.02829680778086185,FALSE,0.2944280548860218,FALSE,9.569892473,-0.019700718,-0.003593872,G1,1.0000000000000002,AT2,Distal,NA,51,F,Single Cell 3' v2,CellRanger 2.1.0
EEM-scRNA-062,8431,2427,0.079452055,FALSE,EEM-scRNA-062,55500.53636859856,FALSE,0.008603428,FALSE,0.11799547643652218,FALSE,4.732534693393429,-0.021332987,-0.030046481,G1,0.9999999999999998,AT2,Distal,NA,57,F,Single Cell 3' v3.1,STARsolo 2.7.8a_EmptyDrops_CR
EEM-scRNA-005,14058,4076,0.10860121633362296,FALSE,EEM-scRNA-005,755774.4341,TRUE,0.005954511,FALSE,0.5519281386864779,FALSE,11.993171148100728,0.01131427230691692,0.032234444,G2M,0.9013860444686728,RAS,Distal,NA,29,F,Single Cell 3' v3.1,STARsolo 2.7.9a_EmptyDrops_CR
EEM-scRNA-073,36479,5505,0.075794621,FALSE,EEM-scRNA-073,270781.3366624816,TRUE,0.3531495928764343,FALSE,1.1429032449250878,TRUE,6.428356040461636,-0.035494619,0.002126292,G2M,1,AT2,Distal,NA,59,F,Single Cell 3' v3.1,STARsolo 2.7.9a_EmptyDrops_CR
EEM-scRNA-R20-1,2395,1003,0.018324607,FALSE,EEM-scRNA-R20-1,55679.564050608504,FALSE,0.01554018352180719,FALSE,0.14587338289188023,FALSE,3.4237995824634653,-0.035866513,-0.033804703,G1,0.9634802259432949,AT2,Distal,NA,51,F,Single Cell 3' v2,CellRanger 2.1.0
EEM-scRNA-R07-2,2084,674,0.16716417910447762,FALSE,EEM-scRNA-R07-2,87857.30809736787,FALSE,0.007524994,FALSE,0.18212240052308243,FALSE,2.783109404990403,-0.025740966,-0.007778235,G1,0.2942522124288405,AT2,Distal,NA,35,F,Single Cell 3' v2,CellRanger 2.1.0
EEM-scRNA-R07-1,1317,482,0.033412888,FALSE,EEM-scRNA-R07-1,75987.56730921198,FALSE,0.007839041,FALSE,0.15623776163074726,FALSE,0.075930144,0.029175561,-0.033195792,S,0.4041754385866231,RAS,Distal,NA,35,F,Single Cell 3' v2,CellRanger 2.1.0
EEM-scRNA-R20-2,1696,753,0.05080385852090031,FALSE,EEM-scRNA-R20-2,46516.81307917837,FALSE,0.004192689,FALSE,0.1399140973214698,FALSE,0.9433962264150944,-0.027446678,5.90908830785844e-4,G2M,0.7268504492831598,RAS,Distal,NA,51,F,Single Cell 3' v2,CellRanger 2.1.0
EEM-scRNA-R15-2,2163,673,0.041292639,FALSE,EEM-scRNA-R15-2,195052.6129346208,FALSE,0.001937186,FALSE,0.13493900569979625,FALSE,1.756819232547388,-0.025964079,-0.033438224,G1,0.7940767611922549,RAS,Distal,NA,76,F,Single Cell 3' v2,CellRanger 2.1.0
EEM-scRNA-R20-2,3519,1125,0.057142857,FALSE,EEM-scRNA-R20-2,64390.60597942998,FALSE,0.008606503,FALSE,0.1965460467907348,FALSE,2.9269678886047172,-0.028826431,-0.030067617,G1,1,AT2,Distal,NA,51,F,Single Cell 3' v2,CellRanger 2.1.0
EEM-scRNA-R06-1,1526,645,0.03245436105476673,FALSE,EEM-scRNA-R06-1,72.50051035975032,FALSE,0.003435179,FALSE,0.22823066682602824,FALSE,1.5727391874180865,-0.045090555,-0.051174925,G1,0.4831681997699818,AT2,Distal,NA,52,M,Single Cell 3' v2,CellRanger 2.1.0
EEM-scRNA-062,12778,3205,0.096311475,FALSE,EEM-scRNA-062,28318.15112252501,FALSE,0.00393406,FALSE,0.059702314,FALSE,3.451244326185632,-0.010973247,0.03509903947414262,G2M,1,AT2,Distal,NA,57,F,Single Cell 3' v3.1,STARsolo 2.7.8a_EmptyDrops_CR
EEM-scRNA-006,3306,1799,0.039296188,FALSE,EEM-scRNA-006,8526.899837508714,FALSE,0.03042882867157459,FALSE,0.050510323,FALSE,17.180883242589232,-0.031870195,-0.038546956,G1,0.9999999999999996,Ciliated,Distal,NA,25,M,Single Cell 3' v3.1,STARsolo 2.7.9a_EmptyDrops_CR
EEM-scRNA-R07-1,2727,872,0.056886228,FALSE,EEM-scRNA-R07-1,129642.6399745022,TRUE,0.016362509,FALSE,0.26970665651953146,FALSE,2.310231023,-0.00667596,-0.032921783,G1,0.896847048,AT2,Distal,NA,35,F,Single Cell 3' v2,CellRanger 2.1.0
EEM-scRNA-206,7355,2126,0.21597096188747728,FALSE,EEM-scRNA-206,57935.39228285836,TRUE,0.091585293,FALSE,0.7556179339468512,FALSE,4.731475186947655,-0.037820075,0.023761294,G2M,1,AT2,Distal,NA,39,M,Single Cell 3' v3.1,STARsolo 2.7.9a_EmptyDrops_CR
EEM-scRNA-R07-2,3948,1049,0.032608696,FALSE,EEM-scRNA-R07-2,153347.7186738515,TRUE,0.01666010916233062,FALSE,0.3219289286485559,FALSE,2.7608915906788245,-0.012832091,0.002797789,G2M,0.9999999999999998,AT2,Distal,NA,35,F,Single Cell 3' v2,CellRanger 2.1.0
EEM-scRNA-R20-1,2797,1300,0.13808463251670375,FALSE,EEM-scRNA-R20-1,71916.44378951944,FALSE,0.5915883183479309,FALSE,0.7611822541963804,FALSE,9.259921344297462,-0.006334023,0.003056153,G2M,0.9563831981864508,AT2,Distal,NA,51,F,Single Cell 3' v2,CellRanger 2.1.0
EEM-scRNA-006,3527,1840,0.048969072,FALSE,EEM-scRNA-006,8115.080090409691,FALSE,0.015731718,FALSE,0.034756501,FALSE,13.864474057272467,-0.048534966,0.0183432774085334,G2M,0.9999999999999998,Ciliated,Distal,NA,25,M,Single Cell 3' v3.1,STARsolo 2.7.9a_EmptyDrops_CR
EEM-scRNA-R15-2,4548,1232,0.050162866,FALSE,EEM-scRNA-R15-2,624711.5599361969,TRUE,0.03947217762470245,FALSE,0.46559124168775906,FALSE,0.8355321020228672,-0.011222892,-0.047746952,G1,0.986263589,Secretory,Distal,NA,76,F,Single Cell 3' v2,CellRanger 2.1.0
EEM-scRNA-206,7673,2219,0.099061522,FALSE,EEM-scRNA-206,10530.907483503714,FALSE,0.006318495,FALSE,0.12415836589244396,FALSE,4.418089404405057,-0.006516547,-0.031333981,G1,0.9999999999999992,AT2,Distal,NA,39,M,Single Cell 3' v3.1,STARsolo 2.7.9a_EmptyDrops_CR
EEM-scRNA-006,7922,2084,0.02727740607308286,FALSE,EEM-scRNA-006,19071.08481726431,FALSE,0.01300422474741935,FALSE,0.05820418623110562,FALSE,5.958091391062863,-0.036219797,0.03165289039583015,G2M,1,AT2,Distal,NA,25,M,Single Cell 3' v3.1,STARsolo 2.7.9a_EmptyDrops_CR
EEM-scRNA-062,16162,3973,0.091089109,FALSE,EEM-scRNA-062,17961.141299153445,FALSE,0.010346163,FALSE,0.045689702,FALSE,3.706224477168667,-0.001635481,-0.004281313,G1,0.9999999999999996,AT2,Distal,NA,57,F,Single Cell 3' v3.1,STARsolo 2.7.8a_EmptyDrops_CR
EEM-scRNA-005,14267,3014,0.02290076335877862,FALSE,EEM-scRNA-005,658336.5487065047,TRUE,0.040376808,FALSE,0.5160249069293492,FALSE,5.144739608887643,0.01208570839625892,-0.010918559,S,1,AT2,Distal,NA,29,F,Single Cell 3' v3.1,STARsolo 2.7.9a_EmptyDrops_CR
EEM-scRNA-005,12553,2896,0.0279027902790279,FALSE,EEM-scRNA-005,641558.4319685793,TRUE,0.007726876,FALSE,0.4711748729035459,FALSE,5.281605990599856,-0.002445843,0.005019083,G2M,1.0000000000000002,AT2,Distal,NA,29,F,Single Cell 3' v3.1,STARsolo 2.7.9a_EmptyDrops_CR
EEM-scRNA-R07-1,5882,1244,0.1209302325581395,FALSE,EEM-scRNA-R07-1,33203.50071394746,FALSE,0.49758437275886536,FALSE,0.56300453,FALSE,1.1730703842230534,-0.022778254,0.036430457,G2M,0.5576514774561164,RAS,Distal,NA,35,F,Single Cell 3' v2,CellRanger 2.1.0
EEM-scRNA-005,9749,2546,0.039145907,FALSE,EEM-scRNA-005,602707.1860820855,TRUE,0.0179939717054367,FALSE,0.4533930713683122,FALSE,7.693096727869525,-0.026383135,0.001868609,G2M,1,AT2,Distal,NA,29,F,Single Cell 3' v3.1,STARsolo 2.7.9a_EmptyDrops_CR
EEM-scRNA-R39-1,3029,850,0.02554744525547445,FALSE,EEM-scRNA-R39-1,10599.895652310315,FALSE,0.094862968,FALSE,0.1484382574852902,FALSE,4.489930670188181,-0.001763775,0.008382647,G2M,0.9689164249454454,RAS,Distal,NA,70,F,Single Cell 3' v2,CellRanger 3.0.2
EEM-scRNA-005,7724,2860,0.02290076335877862,FALSE,EEM-scRNA-005,92353.29021,FALSE,0.058206253,FALSE,0.12493003929434918,FALSE,11.8720870015536,0.052269107,0.005881664,S,1,AT1,Distal,NA,29,F,Single Cell 3' v3.1,STARsolo 2.7.9a_EmptyDrops_CR
EEM-scRNA-006,3350,1767,0.04553961322520274,FALSE,EEM-scRNA-006,70477.88151857919,FALSE,0.043433681,FALSE,0.21166321391610615,FALSE,10.119402985074627,0.09855754,0.007752973,S,1.0000000000000002,AT1,Distal,NA,25,M,Single Cell 3' v3.1,STARsolo 2.7.9a_EmptyDrops_CR
EEM-scRNA-206,12312,3120,0.16157205240174669,FALSE,EEM-scRNA-206,2700.723469307314,FALSE,0.8216776847839355,TRUE,0.8601720013761173,TRUE,7.821637426900585,0.006657268,-0.031870103,S,1,AT2,Distal,NA,39,M,Single Cell 3' v3.1,STARsolo 2.7.9a_EmptyDrops_CR
EEM-scRNA-R15-2,1435,775,0.007092199,FALSE,EEM-scRNA-R15-2,216327.60021937796,FALSE,0.20288318395614624,FALSE,0.3505729758810936,FALSE,5.7839721254355405,0.002053018,-0.017631843,S,0.994748501,AT1,Distal,NA,76,F,Single Cell 3' v2,CellRanger 2.1.0
EEM-scRNA-R39-1,5858,1533,0.077832512,FALSE,EEM-scRNA-R39-1,76773.83758609589,TRUE,0.04751823097467422,FALSE,0.4379704935111917,FALSE,2.697166268350973,-0.054413779,-0.013923852,G1,1,AT2,Distal,NA,70,F,Single Cell 3' v2,CellRanger 3.0.2
EEM-scRNA-R05-2,7451,2466,0.1101123595505618,FALSE,EEM-scRNA-R05-2,27543.546892474948,FALSE,0.3934102356433869,FALSE,0.4829639476419448,FALSE,2.845255670379814,-0.044022052,-0.004132501,G1,1,AT2,Distal,NA,69,M,Single Cell 3' v2,CellRanger 2.1.0
EEM-scRNA-206,2564,937,0.043068641,FALSE,EEM-scRNA-206,37235.935501325694,TRUE,0.005932362,FALSE,0.4308318377208565,FALSE,1.599063962558502,-0.030491751,-0.017301374,G1,0.33627550626851777,RAS,Distal,NA,39,M,Single Cell 3' v3.1,STARsolo 2.7.9a_EmptyDrops_CR
EEM-scRNA-R07-2,4645,1251,0.054763691,FALSE,EEM-scRNA-R07-2,165999.7512263122,TRUE,0.10869716107845306,FALSE,0.4394921103015178,FALSE,2.518837459634015,-0.043169355,-0.045398725,G1,0.9999999999999996,AT2,Distal,NA,35,F,Single Cell 3' v2,CellRanger 2.1.0
EEM-scRNA-R05-1,13089,3648,0.11682242990654204,FALSE,EEM-scRNA-R05-1,46648.85793969923,FALSE,0.8003655672073364,TRUE,0.9404915821831727,TRUE,4.041561616624647,0.03959171876848814,-0.029560609,S,0.9704598423278834,AT2,Distal,NA,69,M,Single Cell 3' v2,CellRanger 2.1.0
EEM-scRNA-R20-2,4195,1262,0.049618321,FALSE,EEM-scRNA-R20-2,79858.42135274308,TRUE,0.024068026,FALSE,0.25720725814709816,FALSE,2.193087008343266,-0.035622339,0.003194176,G2M,0.9153375447289523,AT2,Distal,NA,51,F,Single Cell 3' v2,CellRanger 2.1.0
EEM-scRNA-006,2654,1431,0.04028436018957346,FALSE,EEM-scRNA-006,138984.13985671193,TRUE,0.1745298057794571,FALSE,0.5071578357079813,FALSE,12.434061793519216,0.011847379,0.02765053963022316,G2M,1.0000000000000002,AT1,Distal,NA,25,M,Single Cell 3' v3.1,STARsolo 2.7.9a_EmptyDrops_CR
EEM-scRNA-R36,1477,714,0.3518005540166203,FALSE,EEM-scRNA-R36,237418.38889354665,FALSE,0.002858424,FALSE,0.3771869690748475,FALSE,6.093432633716994,0.0515709008121696,0.051591894,G2M,0.4130487733758236,AT2,Distal,NA,23,M,Single Cell 3' v2,CellRanger 3.0.0
EEM-scRNA-073,21264,4337,0.12052117263843648,FALSE,EEM-scRNA-073,228075.5666922545,TRUE,0.00439364,FALSE,0.6689517891804114,FALSE,5.7138826185101586,-0.026097679,-0.056522894,G1,1.0000000000000004,AT2,Distal,NA,59,F,Single Cell 3' v3.1,STARsolo 2.7.9a_EmptyDrops_CR
EEM-scRNA-067,22794,4268,0.029612756,FALSE,EEM-scRNA-067,54307.05767208255,FALSE,0.001358164,FALSE,0.2423999679933773,FALSE,3.628147758181978,-0.034842778,-0.014272812,G1,1,AT2,Distal,NA,68,F,Single Cell 3' v3.1,STARsolo 2.7.8a_EmptyDrops_CR
EEM-scRNA-R39-1,13929,3474,0.14666666666666667,FALSE,EEM-scRNA-R39-1,154983.49409194043,TRUE,0.7870476245880127,TRUE,1.5768292358793825,TRUE,2.196855481369804,0.026430198,-0.07609702,S,0.9570421518695648,AT1,Distal,NA,70,F,Single Cell 3' v2,CellRanger 3.0.2
EEM-scRNA-062,18959,3953,0.13730569948186527,FALSE,EEM-scRNA-062,61238.05101356415,FALSE,0.26813486218452454,FALSE,0.3890658173235865,FALSE,7.057334247586898,-0.014509677,0.0221583285160726,G2M,1.0000000000000002,AT2,Distal,NA,57,F,Single Cell 3' v3.1,STARsolo 2.7.8a_EmptyDrops_CR
EEM-scRNA-062,17449,3445,0.10191082802547773,FALSE,EEM-scRNA-062,237646.7328588534,TRUE,0.01076519768685102,FALSE,0.47945962647443063,FALSE,0.017192962,0.005729404,-0.003529905,S,0.9989250440973264,AT2,Distal,NA,57,F,Single Cell 3' v3.1,STARsolo 2.7.8a_EmptyDrops_CR
EEM-scRNA-062,10696,2583,0.10486486486486486,FALSE,EEM-scRNA-062,30163.982791115737,FALSE,0.004522939,FALSE,0.063932771,FALSE,5.534779356768885,-0.025170549,-0.036372691,G1,0.9999999999999996,AT2,Distal,NA,57,F,Single Cell 3' v3.1,STARsolo 2.7.8a_EmptyDrops_CR
EEM-scRNA-206,6414,1834,0.12903225806451613,FALSE,EEM-scRNA-206,67167.17581,TRUE,0.02051186934113502,FALSE,0.7897633684648403,FALSE,6.672903024633614,-0.037162813,0.02502948660475505,G2M,1,AT2,Distal,NA,39,M,Single Cell 3' v3.1,STARsolo 2.7.9a_EmptyDrops_CR
EEM-scRNA-062,11266,2751,0.049250535,FALSE,EEM-scRNA-062,30721.047197082426,FALSE,0.003439952,FALSE,0.063947724,FALSE,3.417361974081307,0.0261068375353064,-0.016064749,S,0.9999999999999998,AT2,Distal,NA,57,F,Single Cell 3' v3.1,STARsolo 2.7.8a_EmptyDrops_CR
EEM-scRNA-R15-1,3799,1393,0.19942611190817783,FALSE,EEM-scRNA-R15-1,919478.4178467595,TRUE,0.9584277272224426,TRUE,1.3904108314813317,TRUE,4.659120821268755,-0.024923761,0.01757412131347124,G2M,0.9767028957271592,AT2,Distal,NA,76,F,Single Cell 3' v2,CellRanger 2.1.0
EEM-scRNA-R06-1,2648,1473,0.067226891,FALSE,EEM-scRNA-R06-1,8.129732579338496,FALSE,0.008903924,FALSE,0.033540405,FALSE,1.4350453172205435,-0.051454802,0.003314339,G2M,0.8800121387647846,Ciliated,Distal,NA,52,M,Single Cell 3' v2,CellRanger 2.1.0
EEM-scRNA-R07-1,2929,983,0.028121485,FALSE,EEM-scRNA-R07-1,130907.85157364709,TRUE,0.008589461,FALSE,0.26439696524890693,FALSE,1.4680778422669851,-0.011080437,-0.037640134,G1,1,AT2,Distal,NA,35,F,Single Cell 3' v2,CellRanger 2.1.0
EEM-scRNA-073,39335,6113,0.060869565,FALSE,EEM-scRNA-073,273280.0861797597,TRUE,0.3808414041996002,FALSE,1.177934764316828,TRUE,3.447311554595144,-0.010347704,-0.053869181,G1,1.0000000000000004,AT2,Distal,NA,59,F,Single Cell 3' v3.1,STARsolo 2.7.9a_EmptyDrops_CR
EEM-scRNA-R15-2,3610,1005,0.036446469,FALSE,EEM-scRNA-R15-2,252202.1692513694,FALSE,0.027503073,FALSE,0.19951081939363696,FALSE,1.0526315789473684,0.03128241968188552,0.033829952,G2M,1.0000000000000004,AT2,Distal,NA,76,F,Single Cell 3' v2,CellRanger 2.1.0
EEM-scRNA-R20-1,3232,969,0.05697446,FALSE,EEM-scRNA-R20-1,73744.64323127415,FALSE,0.024438722,FALSE,0.197139901464806,FALSE,3.6200495049504946,-0.003280879,0.044372693,G2M,0.8571357733283879,RAS,Distal,NA,51,F,Single Cell 3' v2,CellRanger 2.1.0
EEM-scRNA-005,2451,1242,0.04642272,FALSE,EEM-scRNA-005,16281.928464866109,FALSE,0.008197577,FALSE,0.01983661953303547,FALSE,20.72623419012648,-0.028203538,0.007445884,G2M,0.9219567210667068,Ciliated,Distal,NA,29,F,Single Cell 3' v3.1,STARsolo 2.7.9a_EmptyDrops_CR
EEM-scRNA-R05-2,16700,3852,0.17177914110429435,FALSE,EEM-scRNA-R05-2,12662.19338193481,FALSE,0.8812636733055115,TRUE,0.9244112520395784,FALSE,2.0419161676646707,0.01062900326496543,0.0266762301074305,G2M,1,AT2,Distal,NA,69,M,Single Cell 3' v2,CellRanger 2.1.0
EEM-scRNA-R15-1,7203,1319,0.082352941,FALSE,EEM-scRNA-R15-1,869666.1608262496,TRUE,0.03625292,FALSE,0.4442494117244524,FALSE,1.6520894071914478,0.02709704398922164,-0.023073366,S,0.8730313151121729,Secretory,Distal,NA,76,F,Single Cell 3' v2,CellRanger 2.1.0
EEM-scRNA-206,5240,1914,0.060869565,FALSE,EEM-scRNA-206,69261.19282,TRUE,0.12522971630096436,FALSE,0.91993182019309,TRUE,9.541984732824428,0.002593998,0.013424394,G2M,1.0000000000000002,AT2,Distal,NA,39,M,Single Cell 3' v3.1,STARsolo 2.7.9a_EmptyDrops_CR
EEM-scRNA-062,13409,2797,0.077338129,FALSE,EEM-scRNA-062,138043.2093579097,FALSE,0.008742036,FALSE,0.2809574045936534,FALSE,10.13498396599299,-0.010466683,0.007157901,G2M,1,AT2,Distal,NA,57,F,Single Cell 3' v3.1,STARsolo 2.7.8a_EmptyDrops_CR
EEM-scRNA-R15-2,3551,773,0.057920447,FALSE,EEM-scRNA-R15-2,470383.29029410373,TRUE,0.0212666280567646,FALSE,0.34209741408284416,FALSE,0.8729935229512813,0.009074965,0.019841985,G2M,0.5632384845236716,RAS,Distal,NA,76,F,Single Cell 3' v2,CellRanger 2.1.0
EEM-scRNA-R15-1,6796,1098,0.03090727816550348,FALSE,EEM-scRNA-R15-1,776470.2788108939,TRUE,0.026271593,FALSE,0.3905398429759007,FALSE,0.6180105944673336,-0.004218622,0.014561103,G2M,0.5890034347973966,Secretory,Distal,NA,76,F,Single Cell 3' v2,CellRanger 2.1.0
EEM-scRNA-206,15604,3440,0.041916168,FALSE,EEM-scRNA-206,11126.509866028398,FALSE,0.8416160941123962,TRUE,0.9772547196589888,TRUE,5.184568059,0.01625211915450347,-0.054399047,S,1.0000000000000002,AT2,Distal,NA,39,M,Single Cell 3' v3.1,STARsolo 2.7.9a_EmptyDrops_CR
